group_id,family,n_members,members,XM_accessions,XP_accessions,RefSeq_GeneID,n_distinct_genes,chromosome,strand,coords_per_member,locus_span,min_pairwise_separation_bp,max_pairwise_separation_bp,transcript_start_spread_bp,AA_identity_pct,protein_lengths_aa,CDS_lengths_nt,CDS_nt_identity_min_pct,CDS_byte_identical_all_pairs,genomic_CDS_exon_sharing_min_pct,mRNA_full_length_identical,mRNA_nt_identity_global_range,expression_vectors_identical_all_pairs,expression_vectors_identical_any_pair,classification,rationale
1,CSP,2,CSP5;CSP6,XM_038067718.1;XM_038067716.1,XP_037923646.1;XP_037923644.1,LOC119659567,1,NC_051854.1,+,CSP5:4171657-4228879;CSP6:4139374-4228879,4139374-4228879,0,0,32283,100.0,319;319,960;960,100.0,True,100.0,False,80.77-80.77,False,False,ANNOTATION ARTIFACT (redundant transcript variants of one gene),"all members are alternative RefSeq transcript models of gene LOC119659567; the shorter CDS is encoded by exactly the same genomic exons, so the coding nucleotide sequence is identical over its whole length"
2,CSP,2,CSP3;CSP4,XM_038067722.1;XM_038067721.1,XP_037923650.1;XP_037923649.1,LOC119659568,1,NC_051854.1,+,CSP3:4235494-4268773;CSP4:4246573-4268773,4235494-4268773,0,0,11079,100.0,120;120,363;363,100.0,True,100.0,False,79.73-79.73,False,False,ANNOTATION ARTIFACT (redundant transcript variants of one gene),"all members are alternative RefSeq transcript models of gene LOC119659568; the shorter CDS is encoded by exactly the same genomic exons, so the coding nucleotide sequence is identical over its whole length"
3,GR,2,GR16;GR17,XM_038059054.1;XM_038059053.1,XP_037914982.1;XP_037914981.1,LOC119653909,1,NC_051852.1,-,GR16:98396745-98457458;GR17:98418546-98457458,98396745-98457458,0,0,21801,100.0,389;389,1170;1170,99.231,False,87.18,False,90.50-90.50,False,False,AMBIGUOUS / TANDEM-DUPLICATED CODING EXON,"members use tandem-duplicated coding exons at distinct genomic positions that differ by synonymous substitutions (CDS 99.231% identity) yet are collapsed into a single RefSeq gene model (LOC119653909); genuine DNA-level duplication, but not a separate full-length gene"
4,GR,2,GR19;GR20,XM_038059059.1;XM_038059058.1,XP_037914987.1;XP_037914986.1,LOC119653909,1,NC_051852.1,-,GR19:98396745-98430241;GR20:98418546-98430241,98396745-98430241,0,0,21801,100.0,342;342,1029;1029,99.125,False,85.42,False,90.61-90.61,False,False,AMBIGUOUS / TANDEM-DUPLICATED CODING EXON,"members use tandem-duplicated coding exons at distinct genomic positions that differ by synonymous substitutions (CDS 99.125% identity) yet are collapsed into a single RefSeq gene model (LOC119653909); genuine DNA-level duplication, but not a separate full-length gene"
5,GR,4,GR12;GR13;GR14;GR15,XM_038047601.1;XM_038047599.1;XM_038047598.1;XM_038047600.1,XP_037903526.1;XP_037903526.1;XP_037903526.1;XP_037903526.1,LOC119646921,1,NC_051849.1,+,GR12:44292950-44298416;GR13:44284718-44298416;GR14:44284718-44298416;GR15:44284717-44298416,44284717-44298416,0,0,8233,100.0,231;262;262;262,696;789;789;789,100.0,False,100.0,False,53.31-96.88,False,True,ANNOTATION ARTIFACT (redundant transcript variants of one gene),"all members are alternative RefSeq transcript models of gene LOC119646921; the shorter CDS is encoded by exactly the same genomic exons, so the coding nucleotide sequence is identical over its whole length"
6,IR,2,IR20;IR21,XM_038069886.1;XM_038069887.1,XP_037925814.1;XP_037925815.1,LOC119660916,1,NC_051855.1,+,IR20:9482866-9509902;IR21:9482668-9509902,9482668-9509902,0,0,198,100.0,988;988,2967;2967,100.0,True,100.0,False,96.33-96.33,False,False,ANNOTATION ARTIFACT (redundant transcript variants of one gene),"all members are alternative RefSeq transcript models of gene LOC119660916; the shorter CDS is encoded by exactly the same genomic exons, so the coding nucleotide sequence is identical over its whole length"
7,IR,2,IR38;IR39,XM_038070649.1;XM_038070648.1,XP_037926577.1;XP_037926576.1,LOC119661346,1,NC_051849.1,+,IR38:105291942-105587036;IR39:105291942-105587036,105291942-105587036,0,0,0,100.0,1972;1972,5919;5919,100.0,True,100.0,False,99.63-99.63,True,True,ANNOTATION ARTIFACT (redundant transcript variants of one gene),"all members are alternative RefSeq transcript models of gene LOC119661346; the shorter CDS is encoded by exactly the same genomic exons, so the coding nucleotide sequence is identical over its whole length"
8,OBP,2,OBP56;OBP57,XM_038060084.1;XM_038060085.1,XP_037916012.1;XP_037916013.1,LOC119654612,1,NC_051852.1,+,OBP56:32646639-32647532;OBP57:32646749-32647532,32646639-32647532,0,0,110,100.0,164;135,495;408,100.0,False,100.0,False,93.35-93.35,True,True,ANNOTATION ARTIFACT (redundant transcript variants of one gene),"all members are alternative RefSeq transcript models of gene LOC119654612; the shorter CDS is encoded by exactly the same genomic exons, so the coding nucleotide sequence is identical over its whole length"
9,OBP,2,OBP29;OBP31,XM_038062283.1;XM_038062282.1,XP_037918211.1;XP_037918210.1,LOC119656023,1,NC_051852.1,+,OBP29:32731849-32744942;OBP31:32744314-32744942,32731849-32744942,0,0,12465,100.0,131;131,396;396,100.0,True,90.15,False,80.21-80.21,False,False,"ANNOTATION ARTIFACT (duplicated exon, identical nucleotide)","members differ only in an alternative first coding exon at a distinct genomic position, but that exon is nucleotide-identical; still one gene model (LOC119656023)"
10,OBP,2,OBP23;OBP24,XM_038062206.1;XM_038062205.1,XP_037918134.1;XP_037918133.1,LOC119655972,1,NC_051852.1,-,OBP23:32786721-32797407;OBP24:32786721-32787443,32786721-32797407,0,0,0,100.0,131;131,396;396,99.242,False,90.15,False,96.29-96.29,False,False,AMBIGUOUS / TANDEM-DUPLICATED CODING EXON,"members use tandem-duplicated coding exons at distinct genomic positions that differ by synonymous substitutions (CDS 99.242% identity) yet are collapsed into a single RefSeq gene model (LOC119655972); genuine DNA-level duplication, but not a separate full-length gene"
11,OBP,2,OBP67;OBP68,XM_038070783.1;XM_038070782.1,XP_037926711.1;XP_037926710.1,LOC119661437,1,NC_051849.1,+,OBP67:197259554-197273190;OBP68:197259554-197260555,197259554-197273190,0,0,0,100.0,178;178,537;537,100.0,True,100.0,False,95.86-95.86,False,False,ANNOTATION ARTIFACT (redundant transcript variants of one gene),"all members are alternative RefSeq transcript models of gene LOC119661437; the shorter CDS is encoded by exactly the same genomic exons, so the coding nucleotide sequence is identical over its whole length"
12,OR,3,OR19;OR35;OR43,XM_038068172.1;XM_038068173.1;XM_038068174.1,XP_037924100.1;XP_037924101.1;XP_037924102.1,LOC119659863,1,NC_051854.1,-,OR19:64780909-64785238;OR35:64780981-64785238;OR43:64780981-64785126,64780909-64785238,0,0,72,100.0,389;362;248,1170;1089;747,100.0,False,100.0,False,68.68-77.05,True,True,ANNOTATION ARTIFACT (redundant transcript variants of one gene),"all members are alternative RefSeq transcript models of gene LOC119659863; the shorter CDS is encoded by exactly the same genomic exons, so the coding nucleotide sequence is identical over its whole length"
13,OR,2,OR62;OR98,XM_038055546.1;XM_038055548.1,XP_037911474.1;XP_037911476.1,LOC119651787,1,NC_051851.1,+,OR62:131561572-131563282;OR98:131561892-131563228,131561572-131563282,0,0,320,100.0,379;181,1140;546,100.0,False,100.0,False,42.80-42.80,True,True,ANNOTATION ARTIFACT (redundant transcript variants of one gene),"all members are alternative RefSeq transcript models of gene LOC119651787; the shorter CDS is encoded by exactly the same genomic exons, so the coding nucleotide sequence is identical over its whole length"
14,OR,4,OR109;OR67;OR77;OR93,XM_038055773.1;XM_038055770.1;XM_038055772.1;XM_038055771.1,XP_037911701.1;XP_037911698.1;XP_037911700.1;XP_037911699.1,LOC119651933,1,NC_051851.1,+,OR109:131570680-131572295;OR67:131570678-131572295;OR77:131570686-131572295;OR93:131570678-131572295,131570678-131572295,0,0,8,100.0,181;379;254;345,546;1140;765;1038,100.0,False,100.0,False,64.55-83.88,True,True,ANNOTATION ARTIFACT (redundant transcript variants of one gene),"all members are alternative RefSeq transcript models of gene LOC119651933; the shorter CDS is encoded by exactly the same genomic exons, so the coding nucleotide sequence is identical over its whole length"
15,OR,2,OR105;OR113,XM_038063089.1;XM_038063099.1,XP_037919017.1;XP_037919027.1,LOC119656640,1,NC_051849.1,-,OR105:88993748-88995156;OR113:88993748-88995150,88993748-88995156,0,0,0,100.0,372;176,1119;531,100.0,False,100.0,False,61.41-61.41,True,True,ANNOTATION ARTIFACT (redundant transcript variants of one gene),"all members are alternative RefSeq transcript models of gene LOC119656640; the shorter CDS is encoded by exactly the same genomic exons, so the coding nucleotide sequence is identical over its whole length"
16,OR,2,ORco;ORco2,XM_038066019.1;XM_038066018.1,XP_037921947.1;XP_037921946.1,LOC119658571,1,NC_051854.1,+,ORco:38042114-38065360;ORco2:38051042-38065668,38042114-38065668,0,0,8928,100.0,477;477,1434;1434,100.0,True,100.0,False,74.57-74.57,False,False,ANNOTATION ARTIFACT (redundant transcript variants of one gene),"all members are alternative RefSeq transcript models of gene LOC119658571; the shorter CDS is encoded by exactly the same genomic exons, so the coding nucleotide sequence is identical over its whole length"
17,OR,3,OR135;OR138;OR139,XM_038046631.1;XM_038046632.1;XM_038046633.1,XP_037902559.1;XP_037902559.1;XP_037902559.1,LOC119646239,1,NC_051849.1,+,OR135:60841297-60859566;OR138:60841305-60859566;OR139:60841320-60859566,60841297-60859566,0,0,23,100.0,285;175;175,858;528;528,100.0,False,100.0,False,55.80-97.59,True,True,ANNOTATION ARTIFACT (redundant transcript variants of one gene),"all members are alternative RefSeq transcript models of gene LOC119646239; the shorter CDS is encoded by exactly the same genomic exons, so the coding nucleotide sequence is identical over its whole length"
18,PPK,2,PPK27;PPK28,XM_038068307.1;XM_038068306.1,XP_037924235.1;XP_037924234.1,LOC119659955,1,NC_051854.1,-,PPK27:23601279-23671016;PPK28:23601279-23670948,23601279-23671016,0,0,0,100.0,544;544,1635;1635,100.0,True,100.0,False,97.84-97.84,True,True,ANNOTATION ARTIFACT (redundant transcript variants of one gene),"all members are alternative RefSeq transcript models of gene LOC119659955; the shorter CDS is encoded by exactly the same genomic exons, so the coding nucleotide sequence is identical over its whole length"
19,PPK,2,PPK16;PPK17,XM_038061622.1;XM_038061621.1,XP_037917550.1;XP_037917549.1,LOC119655643,1,NC_051852.1,-,PPK16:59568461-59609110;PPK17:59568461-59609127,59568461-59609127,0,0,0,100.0,468;468,1407;1407,100.0,True,100.0,False,98.99-98.99,True,True,ANNOTATION ARTIFACT (redundant transcript variants of one gene),"all members are alternative RefSeq transcript models of gene LOC119655643; the shorter CDS is encoded by exactly the same genomic exons, so the coding nucleotide sequence is identical over its whole length"
20,TRP,3,TRP51;TRP56;TRP59,XM_038069758.1;XM_038069752.1;XM_038069749.1,XP_037904017.1;XP_037904017.1;XP_037904017.1,LOC119660852,1,NC_051849.1,+,TRP51:38719963-38738693;TRP56:38719306-38738693;TRP59:38719306-38738693,38719306-38738693,0,0,657,100.0,848;848;848,2547;2547;2547,100.0,True,100.0,False,84.71-98.37,False,True,ANNOTATION ARTIFACT (redundant transcript variants of one gene),"all members are alternative RefSeq transcript models of gene LOC119660852; the shorter CDS is encoded by exactly the same genomic exons, so the coding nucleotide sequence is identical over its whole length"
21,TRP,4,TRP14;TRP17;TRP18;TRP19,XM_038048093.1;XM_038048092.1;XM_038048090.1;XM_038048091.1,XP_037904018.1;XP_037904018.1;XP_037904018.1;XP_037904018.1,LOC119647233,1,NC_051849.1,-,TRP14:7064272-7172142;TRP17:7064272-7172142;TRP18:7064272-7172142;TRP19:7064272-7172142,7064272-7172142,0,0,0,100.0,632;645;645;645,1899;1938;1938;1938,100.0,False,99.84,False,87.44-99.67,True,True,"ANNOTATION ARTIFACT (duplicated exon, identical nucleotide)","members differ only in an alternative first coding exon at a distinct genomic position, but that exon is nucleotide-identical; still one gene model (LOC119647233)"
22,TRP,13,TRP62;TRP63;TRP64;TRP65;TRP66;TRP67;TRP68;TRP69;TRP70;TRP71;TRP79;TRP80;TRP84,XM_038057192.1;XM_038057190.1;XM_038057191.1;XM_038057189.1;XM_038057187.1;XM_038057188.1;XM_038057184.1;XM_038057185.1;XM_038057183.1;XM_038057182.1;XM_038057193.1;XM_038057194.1;XM_038057195.1,XP_037913120.1;XP_037913118.1;XP_037913119.1;XP_037913117.1;XP_037913115.1;XP_037913116.1;XP_037913112.1;XP_037913113.1;XP_037913111.1;XP_037913110.1;XP_037913121.1;XP_037913122.1;XP_037913123.1,LOC119652845,1,NC_051851.1,-,TRP62:89817742-89897606;TRP63:89817742-89897629;TRP64:89817742-89897629;TRP65:89817742-89897629;TRP66:89817742-89897629;TRP67:89817742-89897629;TRP68:89817742-89897629;TRP69:89817742-89897629;TRP70:89817742-89897629;TRP71:89817742-89897629;TRP79:89817742-89881691;TRP80:89817742-89895714;TRP84:89817742-89919366,89817742-89919366,0,0,0,100.0,1405;1405;1405;1405;1405;1405;1405;1405;1405;1405;1360;1284;1284,4218;4218;4218;4218;4218;4218;4218;4218;4218;4218;4083;3855;3855,100.0,False,100.0,False,78.15-99.54,False,True,ANNOTATION ARTIFACT (redundant transcript variants of one gene),"all members are alternative RefSeq transcript models of gene LOC119652845; the shorter CDS is encoded by exactly the same genomic exons, so the coding nucleotide sequence is identical over its whole length"
23,TRP,3,TRP53;TRP54;TRP55,XM_038070214.1;XM_038070213.1;XM_038070215.1,XP_037905498.1;XP_037905498.1;XP_037905498.1,LOC119661039,1,NC_051855.1,+,TRP53:14148724-14177407;TRP54:14148725-14177407;TRP55:14149431-14177407,14148724-14177407,0,0,707,100.0,2145;2145;2145,6438;6438;6438,100.0,True,100.0,False,96.19-99.91,False,True,ANNOTATION ARTIFACT (redundant transcript variants of one gene),"all members are alternative RefSeq transcript models of gene LOC119661039; the shorter CDS is encoded by exactly the same genomic exons, so the coding nucleotide sequence is identical over its whole length"
24,TRP,6,TRP22;TRP73;TRP78;TRP81;TRP83;TRP88,XM_038070896.1;XM_038046506.1;XM_038046577.1;XM_038071176.1;XM_038071249.1;XM_038070827.1,XP_037902434.1;XP_037902434.1;XP_037902434.1;XP_037902434.1;XP_037902434.1;XP_037902434.1,LOC119661442,1,NC_051849.1,+,TRP22:76235780-76301173;TRP73:76204092-76301173;TRP78:76136628-76301173;TRP81:76178982-76301173;TRP83:76251657-76301173;TRP88:76136628-76301173,76136628-76301173,0,0,115029,100.0,1599;1486;1464;1529;1504;1599,4800;4461;4395;4590;4515;4800,100.0,False,100.0,False,90.40-94.22,False,True,ANNOTATION ARTIFACT (redundant transcript variants of one gene),"all members are alternative RefSeq transcript models of gene LOC119661442; the shorter CDS is encoded by exactly the same genomic exons, so the coding nucleotide sequence is identical over its whole length"
25,TRP,3,TRPm15;TRPm2;TRPm3,XM_038066778.1;XM_038066777.1;XM_038066776.1,XP_037922706.1;XP_037922705.1;XP_037922704.1,LOC119658934,1,NC_051854.1,-,TRPm15:32700508-32887536;TRPm2:32700508-33190084;TRPm3:32700508-33190084,32700508-33190084,0,0,0,100.0,1856;1856;1856,5571;5571;5571,100.0,True,100.0,False,86.20-99.93,False,True,ANNOTATION ARTIFACT (redundant transcript variants of one gene),"all members are alternative RefSeq transcript models of gene LOC119658934; the shorter CDS is encoded by exactly the same genomic exons, so the coding nucleotide sequence is identical over its whole length"
26,TRP,4,TRPm4;TRPm5;TRPm6;TRPm7,XM_038066771.1;XM_038066770.1;XM_038066769.1;XM_038066768.1,XP_037922699.1;XP_037922698.1;XP_037922697.1;XP_037922696.1,LOC119658934,1,NC_051854.1,-,TRPm4:32700508-33190084;TRPm5:32700508-33190084;TRPm6:32700508-33190084;TRPm7:32700508-33190084,32700508-33190084,0,0,0,100.0,1874;1874;1874;1874,5625;5625;5625;5625,100.0,True,100.0,False,98.85-99.71,True,True,ANNOTATION ARTIFACT (redundant transcript variants of one gene),"all members are alternative RefSeq transcript models of gene LOC119658934; the shorter CDS is encoded by exactly the same genomic exons, so the coding nucleotide sequence is identical over its whole length"
27,TRP,3,TRP16;TRP20;TRP25,XM_038067729.1;XM_038067727.1;XM_038067728.1,XP_037923657.1;XP_037923655.1;XP_037923656.1,LOC119659573,1,NC_051854.1,+,TRP16:13821698-13852411;TRP20:13821698-13852397;TRP25:13821698-13852960,13821698-13852960,0,0,0,100.0,614;614;614,1845;1845;1845,100.0,True,100.0,False,78.28-97.23,False,False,ANNOTATION ARTIFACT (redundant transcript variants of one gene),"all members are alternative RefSeq transcript models of gene LOC119659573; the shorter CDS is encoded by exactly the same genomic exons, so the coding nucleotide sequence is identical over its whole length"
28,TRP,2,TRP21;TRP82,XM_038066601.1;XM_038066600.1,XP_037922529.1;XP_037922528.1,LOC119658850,1,NC_051854.1,-,TRP21:84676916-84746279;TRP82:84676916-84746300,84676916-84746300,0,0,0,100.0,976;976,2931;2931,100.0,True,100.0,False,91.72-91.72,True,True,ANNOTATION ARTIFACT (redundant transcript variants of one gene),"all members are alternative RefSeq transcript models of gene LOC119658850; the shorter CDS is encoded by exactly the same genomic exons, so the coding nucleotide sequence is identical over its whole length"
