,IR41,IR42,IR1,IR2,IR13,IR17,IR22,IR15,IR14,IR16,IR18,IR20,IR21,IR11,IR25,IR9,IR8,IR10,IR12,IR6,IR4,IR5,IR3,IR7,IR38,IR39,IR40,IR19,IR23,IR24,IR50,IR37,IR93,IR35,IR36,IR33,IR34,IR32,IR46,IR31,IR27,IR26,IR28,IR29,IR30,IR47,IR48,IR49,IR94,IR74,IR75,IR77,IR95,IR98,IR97,IR76,IR96,IR99,IR68,IR67,IR66,IR61,IR64,IR53,IR51,IR52,IR55,IR57,IR58,IR59,IR56,IR60,IR62,IR54,IR63,IR65,IR90,IR100,IR101,IR81,IR78,IR43,IR44,IR45,IR80,IR73,IR79,IR72,IR69,IR70,IR71,IR91,IR84,IR92,IR82,IR83,IR88,IR89,IR85,IR86,IR87
IR41,,97.427,23.741,22.878,28.571,28.182,20.925,28.588,28.256,28.0,27.923,25.558,25.558,28.641,25.249,26.782,27.236,27.394,27.618,28.623,28.622,28.74,24.134,24.312,18.561,18.561,18.561,19.809,19.726,19.684,19.732,21.628,21.829,18.414,17.775,18.62,18.614,28.571,16.026,18.947,16.969,20.052,16.252,19.525,17.154,17.893,18.317,17.872,21.429,21.274,22.638,18.533,18.79,18.011,21.22,19.211,22.009,18.953,20.0,23.062,19.503,19.201,18.717,19.326,19.241,18.717,19.685,19.948,19.423,19.685,18.66,19.58,19.448,19.711,19.605,23.118,20.805,21.116,19.351,19.481,18.008,18.478,18.431,18.954,16.815,20.411,17.798,19.135,18.915,27.332,19.393,17.928,18.48,23.158,22.171,19.132,19.597,20.158,20.134,20.079,18.959
IR42,97.427,,24.069,23.209,28.571,28.182,20.925,28.588,28.256,28.0,27.923,25.558,25.558,28.641,25.249,26.68,28.141,28.321,27.618,28.623,28.622,28.74,24.134,24.642,19.094,19.094,19.094,19.809,19.726,19.684,19.732,21.628,21.829,18.414,17.775,18.62,18.614,28.571,16.026,18.947,16.969,20.052,16.252,19.525,17.154,17.893,18.317,17.872,21.429,21.274,22.638,18.533,18.79,18.011,21.22,19.211,22.009,18.953,20.0,23.062,19.503,19.201,18.717,19.326,19.241,18.717,19.685,19.948,19.423,19.685,18.66,19.58,19.448,19.711,19.605,23.118,20.805,20.569,19.351,19.481,18.008,18.478,18.431,18.954,16.815,20.411,17.798,19.135,18.915,27.332,19.393,17.928,18.48,23.158,22.171,19.132,19.597,20.158,20.134,20.079,18.959
IR1,23.741,24.069,,96.0,29.118,27.549,22.24,27.962,29.481,28.852,33.425,24.118,24.118,27.787,22.843,23.016,24.552,25.071,29.725,28.289,28.595,28.105,29.487,27.414,17.738,17.738,17.609,21.916,21.418,21.356,22.449,27.057,23.438,26.874,26.874,25.047,25.092,28.429,16.102,24.144,24.798,24.299,17.58,24.237,22.394,22.262,22.997,23.614,25.045,21.429,18.151,24.112,22.991,21.501,22.16,21.495,22.948,18.24,23.106,21.161,25.235,24.081,22.744,21.336,24.436,23.496,21.698,22.642,23.396,23.208,23.44,23.819,23.44,24.008,22.404,22.83,22.306,17.784,22.037,22.305,23.913,21.782,23.783,24.157,20.499,20.956,20.956,23.694,22.449,24.217,24.67,23.265,22.139,23.81,23.54,23.925,24.486,24.248,25.047,24.486,23.748
IR2,22.878,23.209,96.0,,28.12,26.788,21.429,27.33,28.476,27.705,31.492,23.382,23.382,26.955,21.997,21.958,23.684,24.32,28.624,27.796,27.941,27.451,28.686,26.677,17.918,17.918,17.787,22.288,21.106,21.045,21.664,25.594,21.528,25.229,25.229,24.112,23.993,26.946,15.777,22.901,23.306,23.265,16.509,22.989,21.124,21.724,20.906,21.15,23.23,20.696,17.295,22.243,21.121,19.878,21.229,20.561,21.455,16.96,21.78,20.225,24.294,22.61,21.241,20.965,23.872,22.932,20.943,21.698,22.453,22.264,22.495,22.873,22.495,23.251,21.676,22.075,20.605,16.416,20.185,21.19,22.464,20.396,22.472,22.659,19.43,19.853,19.853,22.201,21.15,23.173,23.54,21.764,20.826,23.81,22.411,22.991,23.178,22.744,23.738,23.364,22.82
IR13,28.571,28.571,29.118,28.12,,44.753,35.124,45.455,43.922,44.057,44.459,45.611,45.611,48.212,42.799,43.985,45.93,47.374,51.676,44.376,44.945,44.845,33.687,34.314,18.597,18.597,18.597,23.167,20.664,20.664,20.148,22.995,18.896,19.287,18.4,20.325,19.037,30.123,16.933,20.857,19.284,21.843,16.781,19.288,17.783,18.885,19.69,18.936,17.467,18.062,21.725,17.829,18.475,15.357,17.273,16.781,18.704,16.016,17.503,20.917,16.241,15.831,16.357,16.787,18.025,18.149,17.791,17.442,16.977,17.326,17.695,17.346,16.997,18.393,17.352,21.947,20.165,19.817,16.222,15.571,16.667,14.218,16.266,15.693,16.536,19.802,17.367,16.648,14.528,24.528,16.468,18.668,17.056,26.221,20.679,19.205,19.135,18.329,19.79,18.743,18.93
IR17,28.182,28.182,27.549,26.788,44.753,,82.213,61.95,65.288,64.839,65.478,46.461,46.461,50.595,45.022,46.055,48.112,48.713,59.679,51.644,52.692,52.588,32.255,30.55,20.015,20.015,19.941,21.249,19.268,19.237,19.037,24.254,20.732,20.537,20.217,21.123,21.446,29.668,16.724,20.259,18.978,22.473,17.921,21.274,19.831,21.183,18.433,17.899,18.786,19.27,20.938,19.973,20.38,16.667,18.951,18.563,20.156,15.496,19.326,23.65,20.513,19.088,19.438,19.437,19.686,20.516,20.073,20.196,19.584,20.196,20.343,19.363,18.75,20.098,19.674,23.741,23.116,19.84,18.758,17.918,19.083,17.559,17.428,17.428,17.861,20.871,17.204,18.214,17.821,25.957,18.182,19.697,18.204,25.916,22.933,20.0,20.33,20.146,21.291,20.574,19.973
IR22,20.925,20.925,22.24,21.429,35.124,82.213,,49.633,51.638,51.884,65.763,36.036,36.036,39.305,33.696,36.74,38.29,38.668,45.017,41.108,42.1,42.1,25.363,23.938,15.237,15.237,15.163,16.067,14.968,14.943,12.721,19.091,15.062,14.692,14.181,14.428,14.847,17.735,11.612,13.806,18.768,15.496,10.827,14.583,14.764,14.061,13.405,14.548,12.632,13.013,15.371,14.104,14.528,14.097,14.286,13.985,14.682,11.733,13.289,16.174,14.773,13.308,13.384,13.642,14.107,14.706,14.159,14.918,13.78,14.286,14.937,14.304,13.291,14.43,13.739,15.849,15.734,14.246,13.191,12.36,13.222,14.267,13.259,13.383,13.609,14.58,11.97,12.638,12.185,17.303,12.647,13.267,12.817,15.406,16.532,14.799,15.341,15.125,15.483,15.167,14.569
IR15,28.588,28.588,27.962,27.33,45.455,61.95,49.633,,69.475,69.197,69.484,45.644,45.644,49.785,43.931,44.279,46.267,46.734,56.413,49.42,49.228,49.434,34.623,33.14,18.759,18.759,18.759,20.367,19.614,19.663,20.109,22.421,20.0,19.351,18.28,19.468,20.883,30.769,16.41,20.0,19.826,21.96,17.675,20.167,18.75,20.118,18.557,18.041,19.134,19.501,19.403,20.676,19.865,16.582,18.624,18.236,20.62,15.789,16.967,21.415,20.218,17.857,17.818,19.518,19.162,19.565,18.568,19.417,18.932,19.296,19.198,18.469,18.104,18.104,18.145,22.518,20.033,19.456,18.622,17.026,16.319,16.276,17.024,16.548,16.336,18.722,16.489,16.568,14.721,24.043,17.691,19.755,18.879,27.225,21.02,18.897,19.782,20.265,20.737,20.694,19.946
IR14,28.256,28.256,29.481,28.476,43.922,65.288,51.638,69.475,,75.738,74.501,45.771,45.771,49.193,44.456,43.985,45.927,46.403,56.852,48.081,48.326,47.908,36.064,30.838,19.287,19.287,19.206,21.583,20.876,20.876,19.956,23.168,21.508,19.63,19.167,20.265,21.071,30.021,18.057,20.887,19.452,21.673,17.73,21.31,20.288,20.682,17.506,16.838,18.544,18.594,21.464,20.946,20.811,16.203,19.098,19.19,20.775,16.17,18.87,23.42,20.919,19.382,19.007,19.873,19.258,19.923,19.879,20.242,19.636,20.0,19.417,18.689,18.083,18.932,19.06,24.071,21.488,20.579,18.116,17.605,17.892,17.857,17.836,17.836,16.434,19.436,16.825,17.376,15.589,25.478,17.794,19.592,18.735,27.154,21.605,19.559,19.21,19.157,20.708,19.431,19.241
IR16,28.0,28.0,28.852,27.705,44.057,64.839,51.884,69.197,75.738,,98.988,44.906,44.906,49.089,43.455,44.857,46.727,47.216,55.809,49.047,48.283,48.283,35.976,31.287,17.725,17.725,17.725,22.142,20.781,20.781,19.147,23.016,20.333,20.046,19.594,19.855,20.789,28.274,16.667,20.234,19.392,21.606,17.438,21.36,20.072,19.317,18.578,18.065,19.042,18.275,20.73,20.811,20.811,16.984,18.409,17.9,19.845,15.361,18.662,22.719,20.121,17.64,17.84,19.162,19.065,19.59,19.563,19.927,19.32,19.563,18.978,18.248,18.127,18.248,17.876,22.872,19.702,19.055,17.554,17.047,17.076,16.543,16.925,16.925,15.537,18.871,16.271,16.232,14.867,23.617,17.588,18.665,17.683,27.749,21.793,19.448,19.782,18.961,20.327,20.099,19.267
IR18,27.923,27.923,33.425,31.492,44.459,65.478,65.763,69.484,74.501,98.988,,43.98,43.98,49.367,41.972,44.348,46.791,47.448,53.099,49.582,48.163,48.163,35.363,30.749,15.784,15.784,15.784,21.823,20.346,20.346,17.579,21.557,19.107,18.723,18.1,16.97,18.333,27.445,15.245,16.813,19.407,19.556,14.307,19.048,19.048,17.568,17.798,17.798,17.926,16.286,20.408,19.43,19.251,16.998,17.221,16.995,20.86,16.228,16.5,22.881,17.519,15.349,15.349,17.804,17.125,17.471,17.702,18.168,17.081,17.547,17.391,16.77,16.304,16.46,16.111,21.299,19.814,20.988,16.094,15.054,15.935,16.339,15.885,16.036,15.17,18.085,14.554,14.35,13.289,24.828,15.994,16.396,14.977,29.412,21.277,19.118,19.384,17.846,19.384,19.2,19.022
IR20,25.558,25.558,24.118,23.382,45.611,46.461,36.036,45.644,45.771,44.906,43.98,,100.0,89.271,83.3,61.051,63.706,64.614,55.92,48.705,48.098,48.0,33.149,30.362,17.385,17.385,17.385,22.222,19.733,19.733,18.332,21.429,19.874,18.69,18.131,18.029,18.142,27.978,19.483,19.151,16.138,19.649,14.978,19.512,17.391,19.042,16.879,15.702,17.267,17.035,20.149,17.98,19.212,15.814,16.411,17.07,17.877,13.992,16.548,18.597,17.114,16.96,16.349,16.569,16.24,16.588,17.601,17.377,17.265,17.713,17.059,17.172,16.947,16.611,16.113,19.937,17.088,17.279,14.397,15.205,15.873,14.806,16.318,16.318,14.595,19.028,16.905,15.755,15.574,21.755,16.975,16.584,17.005,23.965,17.179,17.358,18.057,17.706,17.559,17.943,16.873
IR21,25.558,25.558,24.118,23.382,45.611,46.461,36.036,45.644,45.771,44.906,43.98,100.0,,89.271,83.3,61.051,63.706,64.614,55.92,48.705,48.098,48.0,33.149,30.362,17.385,17.385,17.385,22.222,19.733,19.733,18.332,21.429,19.874,18.69,18.131,18.029,18.142,27.978,19.483,19.151,16.138,19.649,14.978,19.512,17.391,19.042,16.879,15.702,17.267,17.035,20.149,17.98,19.212,15.814,16.411,17.07,17.877,13.992,16.548,18.597,17.114,16.96,16.349,16.569,16.24,16.588,17.601,17.377,17.265,17.713,17.059,17.172,16.947,16.611,16.113,19.937,17.088,17.279,14.397,15.205,15.873,14.806,16.318,16.318,14.595,19.028,16.905,15.755,15.574,21.755,16.975,16.584,17.005,23.965,17.179,17.358,18.057,17.706,17.559,17.943,16.873
IR11,28.641,28.641,27.787,26.955,48.212,50.595,39.305,49.785,49.193,49.089,49.367,89.271,89.271,,90.539,67.317,70.558,71.716,60.9,53.838,53.066,52.96,36.753,32.665,18.375,18.375,18.375,24.007,21.273,21.273,19.231,23.023,20.982,19.718,19.146,19.41,20.242,32.842,17.229,20.357,18.168,21.635,16.405,21.264,18.949,20.952,18.888,17.839,19.053,18.463,22.26,20.055,21.282,17.029,17.126,18.456,20.094,14.846,17.601,21.161,18.282,18.215,17.445,17.866,17.561,18.158,19.188,19.065,18.819,19.311,18.966,19.089,19.089,18.719,18.12,22.966,18.855,18.598,15.545,15.815,17.435,15.645,17.271,17.271,15.721,20.997,18.269,16.647,16.387,24.786,18.17,18.257,18.171,27.895,19.623,19.274,19.751,19.414,19.199,19.472,18.569
IR25,25.249,25.249,22.843,21.997,42.799,45.022,33.696,43.931,44.456,43.455,41.972,83.3,83.3,90.539,,59.902,62.707,63.665,54.566,47.027,46.512,46.406,32.236,28.672,15.94,15.94,15.94,20.13,18.64,18.64,17.0,19.534,18.365,17.78,17.122,16.915,17.301,28.2,15.152,18.083,14.116,18.357,15.463,18.673,16.316,18.879,16.156,14.741,16.824,16.107,18.771,17.361,17.917,14.863,15.104,16.319,17.496,13.789,15.995,18.519,16.478,16.646,15.829,15.567,15.75,16.4,17.402,17.276,17.024,17.528,17.424,17.424,17.298,17.298,16.387,21.013,16.958,16.719,13.711,14.625,15.237,13.642,15.136,15.136,14.32,18.594,16.296,14.637,15.272,22.197,16.601,15.692,15.883,22.905,16.423,16.715,17.236,17.064,16.809,17.183,16.028
IR9,26.782,26.68,23.016,21.958,43.985,46.055,36.74,44.279,43.985,44.857,44.348,61.051,61.051,67.317,59.902,,93.506,89.054,54.388,46.654,46.872,46.685,34.726,29.391,17.57,17.57,17.57,22.204,20.434,20.404,19.153,21.715,18.556,18.763,17.822,19.599,19.387,29.369,17.708,19.978,18.241,21.39,16.558,20.264,18.383,19.718,18.239,17.819,17.184,17.653,19.764,17.995,17.995,15.904,16.289,16.703,18.044,13.277,15.483,17.817,16.428,16.541,16.556,17.126,16.302,16.802,17.127,17.68,16.906,17.569,17.588,17.478,16.704,16.704,16.447,19.626,17.716,15.896,14.851,15.646,16.463,14.703,15.978,15.87,14.119,18.098,16.129,15.858,15.34,21.544,16.041,17.115,17.314,28.421,18.595,17.633,18.193,17.783,17.705,18.11,17.762
IR8,27.236,28.141,24.552,23.684,45.93,48.112,38.29,46.267,45.927,46.727,46.791,63.706,63.706,70.558,62.707,93.506,,95.556,57.313,48.938,49.112,48.915,36.28,30.783,18.716,18.716,18.716,23.459,21.496,21.462,19.872,22.652,19.486,19.863,18.89,20.883,20.633,32.996,18.565,21.395,19.971,23.041,17.84,21.853,19.833,20.161,18.576,18.17,18.272,18.667,21.061,18.799,18.93,16.626,17.11,17.442,19.127,13.928,16.437,19.251,17.278,17.497,17.536,18.193,17.254,17.853,18.149,18.743,17.912,18.624,18.646,18.527,17.696,17.696,17.51,21.379,19.163,16.015,15.702,16.549,17.443,15.561,16.9,16.783,14.773,19.281,16.935,16.763,16.273,23.838,17.013,18.254,18.117,28.421,19.729,18.558,19.287,18.728,18.758,19.105,18.816
IR10,27.394,28.321,25.071,24.32,47.374,48.713,38.668,46.734,46.403,47.216,47.448,64.614,64.614,71.716,63.665,89.054,95.556,,58.732,50.466,50.404,50.202,37.006,31.535,18.524,18.524,18.524,23.224,21.736,21.701,19.306,22.925,20.11,19.954,18.968,21.021,20.644,32.15,18.632,21.657,19.824,22.976,17.682,21.644,19.586,19.836,17.821,17.308,17.975,19.021,21.287,19.785,19.785,16.857,16.746,17.682,18.565,14.154,17.313,20.074,17.762,17.976,18.27,18.854,18.094,18.766,18.659,19.146,18.293,18.902,19.048,18.926,18.315,18.193,17.914,22.083,20.234,16.352,16.141,17.129,17.936,16.005,17.605,17.365,15.869,20.387,17.633,17.458,17.008,25.0,17.254,18.554,18.505,28.421,19.033,19.008,19.891,18.886,19.482,19.279,19.132
IR12,27.618,27.618,29.725,28.624,51.676,59.679,45.017,56.413,56.852,55.809,53.099,55.92,55.92,60.9,54.566,54.388,57.313,58.732,,59.54,60.426,60.314,37.395,34.611,18.75,18.75,18.75,24.677,21.086,21.086,19.753,23.618,22.584,21.04,20.245,20.668,21.368,30.228,17.588,21.957,19.316,21.928,16.808,21.315,19.608,21.928,20.0,19.709,17.791,19.284,21.248,20.499,21.053,15.953,18.909,17.604,20.533,16.838,18.89,22.617,19.876,18.681,18.532,19.141,19.259,20.105,20.299,20.299,20.05,20.174,19.451,19.202,18.454,18.828,18.006,22.744,20.0,21.035,17.968,17.365,17.15,16.984,17.482,17.359,16.747,20.486,17.848,16.828,16.449,26.068,18.766,18.82,18.273,26.579,20.814,18.697,19.888,19.012,20.448,20.457,19.526
IR6,28.623,28.623,28.289,27.796,44.376,51.644,41.108,49.42,48.081,49.047,49.582,48.705,48.705,53.838,47.027,46.654,48.938,50.466,59.54,,79.358,77.647,33.17,33.07,18.054,18.054,18.054,22.232,20.562,20.562,19.935,23.425,20.686,20.347,20.024,20.798,21.48,31.134,17.28,21.237,19.253,22.85,17.967,21.19,19.401,19.226,17.694,17.202,18.233,18.448,21.298,20.081,19.946,15.171,19.527,18.019,21.875,15.537,18.718,21.004,18.523,16.19,15.394,18.71,17.93,18.367,18.447,18.204,18.204,18.689,18.104,17.983,17.375,17.861,17.339,22.621,21.572,21.257,19.277,17.365,17.647,15.517,16.647,16.052,15.403,19.79,16.548,16.019,16.096,23.779,16.854,18.827,19.465,26.371,19.159,18.845,20.136,18.367,20.0,19.383,19.377
IR4,28.622,28.622,28.595,27.941,44.945,52.692,42.1,49.228,48.326,48.283,48.163,48.098,48.098,53.066,46.512,46.872,49.112,50.404,60.426,79.358,,97.425,33.461,31.823,18.569,18.569,18.645,22.436,20.612,20.612,19.683,22.565,20.086,19.683,19.461,20.966,21.279,32.298,16.821,20.41,18.994,22.44,17.667,21.512,19.415,18.514,17.372,16.479,19.048,17.272,21.536,19.634,19.634,15.252,19.608,17.558,21.875,15.253,18.204,22.119,18.514,16.357,16.175,18.45,17.819,18.362,18.322,18.558,18.085,18.322,18.107,17.988,17.041,17.87,17.363,23.16,21.07,21.449,18.897,17.62,17.9,14.868,16.686,16.107,15.927,19.94,16.59,16.303,16.03,25.902,17.132,18.675,18.365,27.154,20.561,18.692,19.551,18.83,19.947,19.471,18.947
IR5,28.74,28.74,28.105,27.451,44.845,52.588,42.1,49.434,47.908,48.283,48.163,48.0,48.0,52.96,46.406,46.685,48.915,50.202,60.314,77.647,97.425,,32.982,31.919,18.569,18.569,18.645,22.349,20.531,20.531,19.577,22.083,19.438,19.91,19.695,20.966,21.163,31.884,16.737,20.525,18.994,22.67,17.898,21.279,19.298,18.629,17.038,16.479,18.826,17.712,21.536,19.503,19.503,15.375,19.493,17.791,21.563,15.556,18.204,21.375,18.278,16.705,16.647,18.45,18.054,18.486,18.44,18.676,18.322,18.558,18.343,18.343,17.396,18.225,17.885,24.057,21.405,21.014,18.545,17.386,17.303,14.988,16.802,16.107,16.268,19.94,16.59,16.648,16.276,26.539,17.254,19.073,18.483,27.154,20.561,18.291,19.155,18.363,19.551,19.231,18.553
IR3,24.134,24.134,29.487,28.686,33.687,32.255,25.363,34.623,36.064,35.976,35.363,33.149,33.149,36.753,32.236,34.726,36.28,37.006,37.395,33.17,33.461,32.982,,43.079,16.973,16.973,16.985,19.845,19.633,19.602,19.14,22.665,21.001,19.388,18.51,20.309,20.117,28.743,16.851,19.635,16.901,19.7,15.509,19.109,18.698,18.966,16.554,15.212,17.323,17.483,20.317,18.445,17.918,15.366,18.837,17.991,18.502,15.746,16.499,20.141,16.746,16.882,16.409,18.509,18.075,18.17,17.976,18.333,17.738,17.857,18.832,19.19,18.236,18.474,18.626,21.791,19.651,16.864,16.627,15.684,16.808,15.515,17.33,17.096,15.207,18.273,16.331,17.209,17.25,24.494,18.966,16.866,16.965,24.697,19.124,19.545,19.338,18.042,19.735,18.644,18.841
IR7,24.312,24.642,27.414,26.677,34.314,30.55,23.938,33.14,30.838,31.287,30.749,30.362,30.362,32.665,28.672,29.391,30.783,31.535,34.611,33.07,31.823,31.919,43.079,,16.776,16.776,16.788,19.983,18.306,18.277,19.472,21.45,20.242,18.947,18.269,20.488,20.288,31.076,17.2,20.888,17.889,20.262,15.928,19.903,18.758,20.071,17.931,17.347,19.257,17.245,20.065,18.494,18.098,16.875,19.226,19.458,18.887,16.282,17.342,19.4,16.687,16.114,15.625,16.854,17.319,17.38,16.486,16.486,16.245,16.606,16.386,16.627,15.904,16.867,16.069,18.942,19.01,16.472,16.206,16.627,15.732,15.602,15.896,15.896,13.372,16.523,14.934,16.745,16.288,25.151,17.879,18.633,17.918,26.044,18.209,17.703,17.647,17.188,18.048,17.582,18.109
IR38,18.561,19.094,17.738,17.918,18.597,20.015,15.237,18.759,19.287,17.725,15.784,17.385,17.385,18.375,15.94,17.57,18.716,18.524,18.75,18.054,18.569,18.569,16.973,16.776,,100.0,99.949,28.994,28.907,29.069,20.798,22.772,21.405,18.068,17.011,18.107,18.8,29.322,16.189,16.032,16.714,18.531,15.312,17.654,17.303,19.598,18.072,17.007,18.044,17.886,20.679,17.681,16.522,14.592,16.729,16.604,18.836,14.167,16.485,19.65,14.139,14.899,15.83,15.323,16.117,16.282,14.618,15.265,15.136,14.618,16.062,16.321,16.192,15.484,16.643,19.264,17.541,18.58,16.624,15.924,16.536,14.304,14.286,14.412,15.155,18.871,16.561,16.898,16.048,24.353,16.845,16.1,15.435,22.493,17.364,15.892,17.037,15.714,17.926,16.38,17.378
IR39,18.561,19.094,17.738,17.918,18.597,20.015,15.237,18.759,19.287,17.725,15.784,17.385,17.385,18.375,15.94,17.57,18.716,18.524,18.75,18.054,18.569,18.569,16.973,16.776,100.0,,99.949,28.994,28.907,29.069,20.798,22.772,21.405,18.068,17.011,18.107,18.8,29.322,16.189,16.032,16.714,18.531,15.312,17.654,17.303,19.598,18.072,17.007,18.044,17.886,20.679,17.681,16.522,14.592,16.729,16.604,18.836,14.167,16.485,19.65,14.139,14.899,15.83,15.323,16.117,16.282,14.618,15.265,15.136,14.618,16.062,16.321,16.192,15.484,16.643,19.264,17.541,18.58,16.624,15.924,16.536,14.304,14.286,14.412,15.155,18.871,16.561,16.898,16.048,24.353,16.845,16.1,15.435,22.493,17.364,15.892,17.037,15.714,17.926,16.38,17.378
IR40,18.561,19.094,17.609,17.787,18.597,19.941,15.163,18.759,19.206,17.725,15.784,17.385,17.385,18.375,15.94,17.57,18.716,18.524,18.75,18.054,18.645,18.645,16.985,16.788,99.949,99.949,,29.02,28.93,29.092,20.798,22.772,21.405,18.068,17.011,18.107,18.8,29.322,16.203,16.032,16.714,18.531,15.312,17.654,17.303,19.598,18.072,17.007,18.044,17.886,20.679,17.681,16.522,14.592,16.729,16.604,18.836,14.181,16.485,19.65,14.139,14.899,15.83,15.323,16.117,16.282,14.618,15.265,15.136,14.618,16.062,16.321,16.192,15.484,16.643,19.264,17.541,18.602,16.624,15.924,16.536,14.304,14.286,14.412,15.155,18.871,16.561,16.898,16.048,24.353,16.845,16.1,15.435,22.493,17.364,15.892,17.037,15.714,17.926,16.38,17.378
IR19,19.809,19.809,21.916,22.288,23.167,21.249,16.067,20.367,21.583,22.142,21.823,22.222,22.222,24.007,20.13,22.204,23.459,23.224,24.677,22.232,22.436,22.349,19.845,19.983,28.994,28.994,29.02,,41.746,41.851,22.372,21.964,20.666,19.059,18.605,21.001,21.008,31.049,17.715,17.542,17.682,19.565,15.553,18.919,17.574,17.654,17.008,15.638,17.87,17.062,20.373,18.927,18.927,15.487,18.467,15.955,19.076,14.917,17.409,19.301,15.918,16.646,16.345,17.443,17.513,17.339,15.504,15.891,15.116,15.762,16.559,16.559,15.653,15.077,16.783,18.624,18.268,17.532,16.15,17.313,15.681,15.395,16.35,15.843,15.951,17.934,15.645,17.419,17.083,23.69,18.254,19.225,17.7,27.467,18.797,18.777,19.568,19.097,19.281,18.954,20.172
IR23,19.726,19.726,21.418,21.106,20.664,19.268,14.968,19.614,20.876,20.781,20.346,19.733,19.733,21.273,18.64,20.434,21.496,21.736,21.086,20.562,20.612,20.531,19.633,18.306,28.907,28.907,28.93,41.746,,99.608,21.333,22.431,22.874,19.884,18.961,18.879,18.171,32.618,18.238,16.746,18.639,21.002,16.287,18.605,16.893,18.844,16.706,17.077,18.396,18.246,19.688,20.141,19.296,16.133,18.727,17.669,18.722,16.903,16.173,22.119,15.641,16.334,16.816,18.351,18.378,19.329,17.419,17.29,17.161,17.419,18.088,17.571,17.313,18.275,18.968,21.658,19.206,19.896,17.503,17.503,17.241,16.121,16.288,16.162,15.281,18.208,16.625,17.419,16.667,24.841,19.048,19.225,16.667,26.053,20.15,19.796,19.568,18.194,20.432,18.431,21.03
IR24,19.684,19.684,21.356,21.045,20.664,19.237,14.943,19.663,20.876,20.781,20.346,19.733,19.733,21.273,18.64,20.404,21.462,21.701,21.086,20.562,20.612,20.531,19.602,18.277,29.069,29.069,29.092,41.851,99.608,,21.333,22.431,22.874,19.884,18.961,18.879,18.171,32.618,18.238,16.746,18.639,21.002,16.287,18.605,16.893,18.844,16.706,17.077,18.396,18.246,19.688,20.141,19.296,16.133,18.727,17.669,18.722,16.903,16.173,22.119,15.641,16.334,16.816,18.351,18.378,19.329,17.419,17.29,17.161,17.419,18.088,17.571,17.313,18.275,18.968,21.658,19.206,19.896,17.503,17.503,17.241,16.121,16.288,16.162,15.281,18.208,16.625,17.419,16.667,24.841,19.048,19.225,16.667,26.053,20.15,19.796,19.568,18.194,20.432,18.431,21.03
IR50,19.732,19.732,22.449,21.664,20.148,19.037,12.721,20.109,19.956,19.147,17.579,18.332,18.332,19.231,17.0,19.153,19.872,19.306,19.753,19.935,19.683,19.577,19.14,19.472,20.798,20.798,20.798,22.372,21.333,21.333,,23.488,22.635,20.104,20.833,20.427,21.094,28.902,19.682,19.359,18.782,21.494,17.989,21.698,19.946,20.747,19.465,19.247,19.482,20.96,21.848,20.078,19.166,18.252,19.632,18.193,20.167,18.48,17.33,21.93,16.896,16.91,17.045,19.568,17.897,17.436,18.491,18.365,18.616,17.987,18.916,18.514,18.388,17.566,18.394,21.169,20.208,19.281,18.976,18.068,16.872,17.318,18.068,17.942,17.81,19.758,18.138,20.15,18.663,25.098,19.773,20.187,20.202,26.456,21.499,22.598,22.356,22.152,22.892,21.223,22.37
IR37,21.628,21.628,27.057,25.594,22.995,24.254,19.091,22.421,23.168,23.016,21.557,21.429,21.429,23.023,19.534,21.715,22.652,22.925,23.618,23.425,22.565,22.083,22.665,21.45,22.772,22.772,22.772,21.964,22.431,22.431,23.488,,23.737,23.19,21.059,21.538,20.712,29.067,22.402,22.945,18.788,21.632,16.833,22.083,20.581,19.332,18.957,18.229,17.993,19.144,20.992,18.889,17.917,17.542,17.9,18.607,20.27,16.11,18.553,22.667,19.654,18.879,19.403,19.715,18.337,19.372,18.555,18.68,18.555,18.182,19.451,19.202,18.08,19.627,19.488,21.479,18.71,20.73,16.276,16.606,18.734,16.52,17.518,17.64,15.617,19.311,17.118,17.69,16.949,23.82,19.157,18.714,18.727,25.745,20.0,20.924,21.826,21.261,21.683,21.22,21.875
IR93,21.829,21.829,23.438,21.528,18.896,20.732,15.062,20.0,21.508,20.333,19.107,19.874,19.874,20.982,18.365,18.556,19.486,20.11,22.584,20.686,20.086,19.438,21.001,20.242,21.405,21.405,21.405,20.666,22.874,22.874,22.635,23.737,,24.371,22.418,22.061,23.307,32.377,24.615,23.026,21.173,25.164,19.711,24.667,22.88,20.602,19.408,19.236,20.357,20.229,22.395,22.128,22.128,18.984,20.299,18.719,22.659,20.023,18.134,23.993,18.981,19.351,19.152,18.88,19.144,19.448,19.127,19.255,18.87,18.999,20.849,20.18,19.666,20.615,20.792,23.913,20.251,21.217,18.646,18.008,19.392,16.558,18.467,18.342,16.481,19.501,17.353,20.694,18.1,28.041,19.355,20.086,18.089,23.691,23.653,21.439,22.048,20.253,22.333,20.303,22.207
IR35,18.414,18.414,26.874,25.229,19.287,20.537,14.692,19.351,19.63,20.046,18.723,18.69,18.69,19.718,17.78,18.763,19.863,19.954,21.04,20.347,19.683,19.91,19.388,18.947,18.068,18.068,18.068,19.059,19.884,19.884,20.104,23.19,24.371,,87.736,37.072,36.98,40.674,26.744,34.38,30.524,32.842,27.952,35.143,32.725,17.885,16.903,16.452,18.462,16.687,20.578,19.651,19.505,14.286,16.515,16.083,19.213,17.32,18.759,22.371,16.418,16.667,16.418,16.736,16.6,16.62,17.35,18.033,17.213,17.896,18.219,18.331,17.1,16.894,16.942,20.93,19.866,19.932,17.213,17.799,16.872,16.364,17.473,17.742,17.989,18.524,16.376,19.317,17.422,24.406,17.882,16.992,16.871,22.372,16.693,16.44,17.139,17.274,18.033,16.892,17.63
IR36,17.775,17.775,26.874,25.229,18.4,20.217,14.181,18.28,19.167,19.594,18.1,18.131,18.131,19.146,17.122,17.822,18.89,18.968,20.245,20.024,19.461,19.695,18.51,18.269,17.011,17.011,17.011,18.605,18.961,18.961,20.833,21.059,22.418,87.736,,33.699,33.798,40.674,23.89,32.929,28.107,30.988,25.988,33.128,30.638,17.847,16.824,16.342,17.928,16.162,20.578,18.923,18.777,14.613,16.354,15.995,19.213,15.435,18.958,22.371,15.944,15.385,16.269,16.166,15.417,15.896,16.901,16.901,16.197,16.761,17.09,17.348,16.079,16.152,16.792,20.93,19.866,19.932,16.994,17.018,16.174,15.252,16.16,16.16,17.995,18.524,16.62,17.997,17.201,24.406,17.822,16.692,16.292,22.372,16.693,16.44,16.393,16.968,17.437,16.482,17.037
IR33,18.62,18.62,25.047,24.112,20.325,21.123,14.428,19.468,20.265,19.855,16.97,18.029,18.029,19.41,16.915,19.599,20.883,21.021,20.668,20.798,20.966,20.966,20.309,20.488,18.107,18.107,18.107,21.001,18.879,18.879,20.427,21.538,22.061,37.072,33.699,,77.653,40.315,25.652,33.126,30.528,34.669,28.505,36.449,34.277,17.748,15.852,14.804,19.739,15.951,19.123,18.574,17.088,16.292,16.6,17.725,16.559,17.594,17.571,20.617,16.164,17.1,16.164,17.756,16.757,16.643,16.552,17.517,16.414,16.828,16.874,16.713,16.436,17.607,17.358,19.856,18.319,18.576,16.227,17.469,17.416,17.465,17.185,17.997,16.554,18.24,15.205,19.363,18.012,23.312,17.337,17.273,16.644,24.054,17.093,17.879,18.563,19.35,19.311,18.529,19.94
IR34,18.614,18.614,25.092,23.993,19.037,21.446,14.847,20.883,21.071,20.789,18.333,18.142,18.142,20.242,17.301,19.387,20.633,20.644,21.368,21.48,21.279,21.163,20.117,20.288,18.8,18.8,18.8,21.008,18.171,18.171,21.094,20.712,23.307,36.98,33.798,77.653,,42.342,25.886,32.562,31.507,34.504,28.549,35.514,33.962,18.362,16.905,15.82,19.923,16.484,20.99,20.029,18.704,15.449,17.523,18.11,19.745,18.758,17.429,21.113,16.438,16.734,16.712,17.746,17.703,17.07,17.655,18.621,17.517,17.931,18.257,17.68,16.989,18.157,17.841,20.939,20.84,19.764,19.12,19.015,17.445,16.62,16.644,17.185,16.733,18.838,16.442,18.808,17.335,23.529,16.644,19.091,17.331,23.784,19.01,18.03,18.862,18.403,19.91,17.439,19.225
IR32,28.571,28.571,28.429,26.946,30.123,29.668,17.735,30.769,30.021,28.274,27.445,27.978,27.978,32.842,28.2,29.369,32.996,32.15,30.228,31.134,32.298,31.884,28.743,31.076,29.322,29.322,29.322,31.049,32.618,32.618,28.902,29.067,32.377,40.674,40.674,40.315,42.342,,33.079,44.084,42.574,45.578,36.721,44.037,40.323,29.0,28.2,27.816,28.306,26.477,25.963,24.28,23.457,24.944,25.72,25.773,24.486,23.347,25.053,23.591,24.738,23.27,25.577,26.834,25.996,24.109,25.42,25.42,24.58,25.21,24.58,25.84,25.21,25.0,25.63,25.63,24.895,27.521,27.521,24.738,23.899,24.554,25.577,24.948,24.473,25.949,24.895,30.169,25.316,26.77,26.638,24.686,25.314,28.022,27.696,26.004,26.216,27.061,27.484,27.907,27.907
IR46,16.026,16.026,16.102,15.777,16.933,16.724,11.612,16.41,18.057,16.667,15.245,19.483,19.483,17.229,15.152,17.708,18.565,18.632,17.588,17.28,16.821,16.737,16.851,17.2,16.189,16.189,16.203,17.715,18.238,18.238,19.682,22.402,24.615,26.744,23.89,25.652,25.886,33.079,,28.205,23.985,28.725,24.652,26.162,24.457,13.103,14.709,14.226,15.946,15.449,16.359,14.983,14.206,12.395,14.484,14.556,13.396,13.619,13.08,16.509,14.008,13.153,13.701,14.509,13.765,13.354,13.566,13.875,13.361,13.875,14.212,13.58,13.374,13.744,12.749,13.66,15.14,16.451,14.724,12.92,14.619,12.994,13.522,13.824,13.287,16.092,14.128,15.3,13.542,16.153,14.182,14.108,13.538,14.189,14.286,14.869,14.961,14.562,15.636,14.944,15.566
IR31,18.947,18.947,24.144,22.901,20.857,20.259,13.806,20.0,20.887,20.234,16.813,19.151,19.151,20.357,18.083,19.978,21.395,21.657,21.957,21.237,20.41,20.525,19.635,20.888,16.032,16.032,16.032,17.542,16.746,16.746,19.359,22.945,23.026,34.38,32.929,33.126,32.562,44.084,28.205,,41.875,45.907,37.277,44.372,41.447,20.776,17.735,18.182,20.081,19.745,24.314,18.349,17.737,15.205,17.26,18.356,17.247,16.821,17.991,20.121,16.499,17.07,15.925,16.864,16.407,16.269,16.763,17.919,17.341,17.052,18.261,18.09,17.511,17.003,17.834,20.913,20.599,18.231,17.698,17.689,17.442,18.355,20.0,19.577,18.028,20.398,18.065,17.704,18.249,23.632,19.013,17.852,16.547,22.554,17.391,19.462,19.375,18.98,19.844,19.258,19.907
IR27,16.969,16.969,24.798,23.306,19.284,18.978,18.768,19.826,19.452,19.392,19.407,16.138,16.138,18.168,14.116,18.241,19.971,19.824,19.316,19.253,18.994,18.994,16.901,17.889,16.714,16.714,16.714,17.682,18.639,18.639,18.782,18.788,21.173,30.524,28.107,30.528,31.507,42.574,23.985,41.875,,95.798,75.42,50.837,50.837,19.44,17.565,17.565,17.708,18.138,20.984,19.076,18.876,18.31,18.739,16.725,18.973,17.347,16.763,21.221,13.736,14.835,14.652,18.112,16.547,15.607,15.867,16.79,16.052,16.605,16.636,15.867,15.314,15.229,14.588,16.579,21.226,23.25,19.553,15.654,16.477,17.025,17.563,17.204,15.273,18.792,15.838,17.989,15.922,25.413,16.171,17.355,16.176,24.651,18.805,16.875,17.418,16.396,18.033,17.002,16.632
IR26,20.052,20.052,24.299,23.265,21.843,22.473,15.496,21.96,21.673,21.606,19.556,19.649,19.649,21.635,18.357,21.39,23.041,22.976,21.928,22.85,22.44,22.67,19.7,20.262,18.531,18.531,18.531,19.565,21.002,21.002,21.494,21.632,25.164,32.842,30.988,34.669,34.504,45.578,28.725,45.907,95.798,,84.355,55.357,50.9,20.867,17.513,17.682,19.333,20.607,21.034,19.306,19.306,17.826,19.946,18.268,18.567,18.359,18.704,23.333,17.207,16.644,16.502,19.303,18.359,17.155,17.188,17.614,17.33,18.04,17.664,17.07,16.927,17.28,17.284,19.188,21.478,23.693,20.822,19.128,18.634,17.391,18.915,18.776,17.241,20.227,18.207,19.945,17.862,25.322,17.622,19.969,18.414,23.936,19.281,19.099,19.325,18.296,19.632,19.128,18.779
IR28,16.252,16.252,17.58,16.509,16.781,17.921,10.827,17.675,17.73,17.438,14.307,14.978,14.978,16.405,15.463,16.558,17.84,17.682,16.808,17.967,17.667,17.898,15.509,15.928,15.312,15.312,15.312,15.553,16.287,16.287,17.989,16.833,19.711,27.952,25.988,28.505,28.549,36.721,24.652,37.277,75.42,84.355,,46.895,42.339,17.194,13.297,12.991,15.718,16.688,16.757,14.9,15.668,13.127,16.828,15.406,14.452,14.82,14.916,18.016,14.121,12.908,12.843,15.396,14.693,13.725,13.703,13.703,13.557,14.286,14.181,13.577,13.139,13.663,13.651,15.076,16.934,19.53,17.226,15.652,15.836,13.752,15.473,15.473,13.901,15.552,14.121,15.449,13.876,19.731,13.717,15.815,15.015,17.135,15.203,14.904,15.19,14.799,15.348,15.34,15.118
IR29,19.525,19.525,24.237,22.989,19.288,21.274,14.583,20.167,21.31,21.36,19.048,19.512,19.512,21.264,18.673,20.264,21.853,21.644,21.315,21.19,21.512,21.279,19.109,19.903,17.654,17.654,17.654,18.919,18.605,18.605,21.698,22.083,24.667,35.143,33.128,36.449,35.514,44.037,26.162,44.372,50.837,55.357,46.895,,91.429,18.457,18.219,17.674,21.448,18.59,18.545,20.214,19.908,18.275,18.897,17.882,19.669,18.825,19.225,26.096,17.832,18.376,18.117,17.778,18.565,18.249,17.241,18.391,18.391,18.822,18.732,18.273,17.986,19.054,19.683,23.091,21.664,21.505,18.931,18.741,18.421,15.982,17.3,17.581,19.034,19.967,17.791,21.221,18.834,25.597,19.186,19.405,19.198,24.528,19.11,18.995,19.38,17.514,19.535,18.208,18.478
IR30,17.154,17.154,22.394,21.124,17.783,19.831,14.764,18.75,20.288,20.072,19.048,17.391,17.391,18.949,16.316,18.383,19.833,19.586,19.608,19.401,19.415,19.298,18.698,18.758,17.303,17.303,17.303,17.574,16.893,16.893,19.946,20.581,22.88,32.725,30.638,34.277,33.962,40.323,24.457,41.447,50.837,50.9,42.339,91.429,,17.131,17.175,17.195,20.908,17.358,17.528,18.944,17.857,18.355,17.179,16.295,17.785,17.568,18.741,25.304,16.571,17.435,17.291,17.841,17.898,17.541,16.812,17.971,17.681,18.261,17.997,17.391,17.101,17.749,18.328,20.904,20.209,20.182,17.69,16.498,17.012,16.176,16.289,16.714,17.385,19.231,16.981,20.056,17.398,23.789,17.982,18.325,17.775,22.678,17.384,16.984,17.085,16.193,17.241,16.81,16.954
IR47,17.893,17.893,22.262,21.724,18.885,21.183,14.061,20.118,20.682,19.317,17.568,19.042,19.042,20.952,18.879,19.718,20.161,19.836,21.928,19.226,18.514,18.629,18.966,20.071,19.598,19.598,19.598,17.654,18.844,18.844,20.747,19.332,20.602,17.885,17.847,17.748,18.362,29.0,13.103,20.776,19.44,20.867,17.194,18.457,17.131,,40.804,40.411,27.622,28.444,29.545,24.16,23.84,23.263,24.751,26.204,26.377,24.373,24.252,25.05,22.747,21.324,21.778,24.143,23.726,24.413,22.437,22.288,22.14,22.14,23.81,23.065,23.363,23.739,23.841,25.626,26.486,28.067,23.609,22.206,23.077,23.053,23.538,23.684,20.968,23.96,21.778,24.422,22.713,28.604,25.954,25.822,24.474,29.532,29.322,26.667,27.796,26.261,30.263,27.769,29.508
IR48,18.317,18.317,22.997,20.906,19.69,18.433,13.405,18.557,17.506,18.578,17.798,16.879,16.879,18.888,16.156,18.239,18.576,17.821,20.0,17.694,17.372,17.038,16.554,17.931,18.072,18.072,18.072,17.008,16.706,16.706,19.465,18.957,19.408,16.903,16.824,15.852,16.905,28.2,14.709,17.735,17.565,17.513,13.297,18.219,17.175,40.804,,98.249,29.429,27.179,29.114,26.772,25.827,21.87,24.006,23.87,26.777,22.942,23.668,28.2,22.386,21.708,21.746,25.463,23.615,24.025,22.6,23.191,22.452,21.566,24.26,23.077,23.373,24.408,23.878,26.397,26.079,27.257,24.405,22.32,25.526,23.053,23.977,23.977,21.499,23.856,21.366,23.983,21.884,26.484,24.658,23.252,22.47,27.457,26.396,24.669,25.327,23.043,25.817,25.189,24.838
IR49,17.872,17.872,23.614,21.15,18.936,17.899,14.548,18.041,16.838,18.065,17.798,15.702,15.702,17.839,14.741,17.819,18.17,17.308,19.709,17.202,16.479,16.479,15.212,17.347,17.007,17.007,17.007,15.638,17.077,17.077,19.247,18.229,19.236,16.452,16.342,14.804,15.82,27.816,14.226,18.182,17.565,17.682,12.991,17.674,17.195,40.411,98.249,,29.139,27.614,29.06,27.289,25.704,22.5,23.391,23.557,26.208,23.006,23.064,27.689,21.486,21.163,21.266,24.785,22.843,23.236,21.683,22.006,21.359,20.55,23.301,21.845,22.006,23.786,22.836,25.0,25.0,26.681,23.306,21.104,25.254,23.482,23.003,23.163,20.806,23.091,20.392,22.524,20.067,25.926,22.333,22.302,21.044,26.042,26.266,23.616,24.182,21.683,24.909,24.459,24.182
IR94,21.429,21.429,25.045,23.23,17.467,18.786,12.632,19.134,18.544,19.042,17.926,17.267,17.267,19.053,16.824,17.184,18.272,17.975,17.791,18.233,19.048,18.826,17.323,19.257,18.044,18.044,18.044,17.87,18.396,18.396,19.482,17.993,20.357,18.462,17.928,19.739,19.923,28.306,15.946,20.081,17.708,19.333,15.718,21.448,20.908,27.622,29.429,29.139,,28.852,30.826,29.557,28.407,25.791,27.876,28.047,26.289,23.955,28.595,27.835,27.994,24.733,25.117,25.645,24.809,25.327,26.636,26.791,26.168,25.857,27.613,26.521,26.521,26.365,26.298,27.362,30.699,31.376,29.827,27.709,28.527,28.824,28.769,28.462,27.231,28.302,26.543,28.723,25.0,30.536,28.045,27.966,27.031,29.63,30.716,32.075,30.795,31.433,32.149,29.953,32.269
IR74,21.274,21.274,21.429,20.696,18.062,19.27,13.013,19.501,18.594,18.275,16.286,17.035,17.035,18.463,16.107,17.653,18.667,19.021,19.284,18.448,17.272,17.712,17.483,17.245,17.886,17.886,17.886,17.062,18.246,18.246,20.96,19.144,20.229,16.687,16.162,15.951,16.484,26.477,15.449,19.745,18.138,20.607,16.688,18.59,17.358,28.444,27.179,27.614,28.852,,36.893,27.097,26.613,24.695,25.788,25.535,28.205,22.541,25.357,26.804,23.294,25.479,26.19,23.713,23.246,23.78,25.595,26.339,26.19,26.637,26.975,25.484,24.59,24.441,25.373,28.119,26.937,27.757,24.211,24.26,24.961,23.773,24.963,24.816,25.369,27.891,25.484,25.47,24.695,30.841,28.197,25.738,24.85,29.48,25.823,25.839,27.152,25.821,27.152,27.481,28.783
IR75,22.638,22.638,18.151,17.295,21.725,20.938,15.371,19.403,21.464,20.73,20.408,20.149,20.149,22.26,18.771,19.764,21.061,21.287,21.248,21.298,21.536,21.536,20.317,20.065,20.679,20.679,20.679,20.373,19.688,19.688,21.848,20.992,22.395,20.578,20.578,19.123,20.99,25.963,16.359,24.314,20.984,21.034,16.757,18.545,17.528,29.545,29.114,29.06,30.826,36.893,,27.547,25.472,21.063,24.859,24.906,24.105,23.958,23.587,26.465,24.615,25.376,25.769,25.806,24.423,25.626,27.027,27.413,24.71,24.71,27.079,27.466,26.692,26.499,26.481,26.99,25.926,25.872,25.191,27.29,23.606,25.714,26.204,26.012,27.808,26.443,25.14,29.537,28.711,29.186,28.07,26.886,27.273,34.483,26.706,24.371,24.758,27.821,25.919,24.952,25.528
IR77,18.533,18.533,24.112,22.243,17.829,19.973,14.104,20.676,20.946,20.811,19.43,17.98,17.98,20.055,17.361,17.995,18.799,19.785,20.499,20.081,19.634,19.503,18.445,18.494,17.681,17.681,17.681,18.927,20.141,20.141,20.078,18.889,22.128,19.651,18.923,18.574,20.029,24.28,14.983,18.349,19.076,19.306,14.9,20.214,18.944,24.16,26.772,27.289,29.557,27.097,27.547,,84.276,47.727,48.772,48.501,48.339,30.596,30.94,27.14,28.961,26.227,28.253,27.411,28.938,28.473,27.835,28.007,28.351,27.32,29.604,28.055,28.227,30.069,27.13,29.518,27.374,29.502,28.475,27.816,27.946,28.597,30.256,29.573,28.862,28.822,26.78,30.94,25.043,28.162,28.448,28.179,26.884,26.331,28.697,28.201,28.498,28.378,28.157,28.739,28.475
IR95,18.79,18.79,22.991,21.121,18.475,20.38,14.528,19.865,20.811,20.811,19.251,19.212,19.212,21.282,17.917,17.995,18.93,19.785,21.053,19.946,19.634,19.503,17.918,18.098,16.522,16.522,16.522,18.927,19.296,19.296,19.166,17.917,22.128,19.505,18.777,17.088,18.704,23.457,14.206,17.737,18.876,19.306,15.668,19.908,17.857,23.84,25.827,25.704,28.407,26.613,25.472,84.276,,49.053,49.474,47.09,47.97,30.113,29.06,25.261,28.279,24.873,26.884,25.381,27.568,27.101,25.43,25.258,26.632,25.945,27.539,26.506,25.301,27.32,25.043,26.908,26.629,28.736,29.153,26.451,27.609,28.058,29.915,29.402,26.825,27.592,25.593,30.085,25.383,27.446,28.966,28.179,27.911,24.556,28.345,27.682,27.645,27.196,27.133,28.067,27.458
IR98,18.011,18.011,21.501,19.878,15.357,16.667,14.097,16.582,16.203,16.984,16.998,15.814,15.814,17.029,14.863,15.904,16.626,16.857,15.953,15.171,15.252,15.375,15.366,16.875,14.592,14.592,14.592,15.487,16.133,16.133,18.252,17.542,18.984,14.286,14.613,16.292,15.449,24.944,12.395,15.205,18.31,17.826,13.127,18.275,18.355,23.263,21.87,22.5,25.791,24.695,21.063,47.727,49.053,,48.797,53.093,51.904,25.781,26.871,22.676,23.779,22.75,23.645,24.7,26.187,25.945,23.934,23.934,24.426,24.59,25.41,23.77,23.279,23.404,23.265,24.353,25.198,26.778,25.539,22.886,24.664,24.919,24.756,24.267,24.298,26.857,25.207,28.361,23.333,25.984,27.621,25.046,25.246,22.848,25.094,26.345,26.691,27.742,25.96,26.187,26.325
IR97,21.22,21.22,22.16,21.229,17.273,18.951,14.286,18.624,19.098,18.409,17.221,16.411,16.411,17.126,15.104,16.289,17.11,16.746,18.909,19.527,19.608,19.493,18.837,19.226,16.729,16.729,16.729,18.467,18.727,18.727,19.632,17.9,20.299,16.515,16.354,16.6,17.523,25.72,14.484,17.26,18.739,19.946,16.828,18.897,17.179,24.751,24.006,23.391,27.876,25.788,24.859,48.772,49.474,48.797,,53.397,56.007,28.488,25.405,26.25,26.584,25.346,26.242,28.25,26.911,26.829,26.48,25.389,26.48,25.701,26.053,25.429,26.209,26.636,28.472,30.461,28.119,30.268,28.081,24.922,26.183,26.164,26.534,26.534,28.418,26.232,24.379,28.463,26.176,29.257,28.006,26.976,25.661,24.702,29.806,28.943,29.573,28.025,29.402,28.704,29.542
IR76,19.211,19.211,21.495,20.561,16.781,18.563,13.985,18.236,19.19,17.9,16.995,17.07,17.07,18.456,16.319,16.703,17.442,17.682,17.604,18.019,17.558,17.791,17.991,19.458,16.604,16.604,16.604,15.955,17.669,17.669,18.193,18.607,18.719,16.083,15.995,17.725,18.11,25.773,14.556,18.356,16.725,18.268,15.406,17.882,16.295,26.204,23.87,23.557,28.047,25.535,24.906,48.501,47.09,53.093,53.397,,57.407,27.207,26.299,27.463,26.242,24.228,24.805,26.367,26.04,26.059,27.387,26.604,27.543,26.448,28.056,27.429,27.116,26.135,26.876,29.234,26.866,27.063,26.012,24.572,25.669,26.72,26.453,25.382,26.698,26.761,25.039,29.618,24.019,27.033,27.575,25.301,25.117,26.409,26.631,26.516,27.009,25.192,27.009,25.966,26.825
IR96,22.009,22.009,22.948,21.455,18.704,20.156,14.682,20.62,20.775,19.845,20.86,17.877,17.877,20.094,17.496,18.044,19.127,18.565,20.533,21.875,21.875,21.563,18.502,18.887,18.836,18.836,18.836,19.076,18.722,18.722,20.167,20.27,22.659,19.213,19.213,16.559,19.745,24.486,13.396,17.247,18.973,18.567,14.452,19.669,17.785,26.377,26.777,26.208,26.289,28.205,24.105,48.339,47.97,51.904,56.007,57.407,,31.366,27.469,25.887,26.429,24.113,25.853,26.596,27.828,26.619,26.486,25.946,26.306,25.946,27.798,26.715,26.354,27.387,26.596,28.514,25.187,27.639,27.629,26.571,25.841,26.565,26.619,26.079,26.738,26.512,25.267,29.803,26.118,28.469,30.254,25.853,25.853,25.223,26.821,26.808,26.455,28.191,26.279,26.455,26.095
IR99,18.953,18.953,18.24,16.96,16.016,15.496,11.733,15.789,16.17,15.361,16.228,13.992,13.992,14.846,13.789,13.277,13.928,14.154,16.838,15.537,15.253,15.556,15.746,16.282,14.167,14.167,14.181,14.917,16.903,16.903,18.48,16.11,20.023,17.32,15.435,17.594,18.758,23.347,13.619,16.821,17.347,18.359,14.82,18.825,17.568,24.373,22.942,23.006,23.955,22.541,23.958,30.596,30.113,25.781,28.488,27.207,31.366,,29.441,26.25,27.116,24.499,25.275,29.241,27.975,28.758,27.287,27.918,26.656,26.656,28.956,26.856,26.698,28.707,26.644,28.486,27.675,28.157,28.549,29.403,27.673,26.427,27.882,28.349,23.214,24.915,23.135,28.139,26.06,29.095,29.412,28.84,27.002,29.552,30.017,28.645,28.934,28.197,31.641,29.082,30.756
IR68,20.0,20.0,23.106,21.78,17.503,19.326,13.289,16.967,18.87,18.662,16.5,16.548,16.548,17.601,15.995,15.483,16.437,17.313,18.89,18.718,18.204,18.204,16.499,17.342,16.485,16.485,16.485,17.409,16.173,16.173,17.33,18.553,18.134,18.759,18.958,17.571,17.429,25.053,13.08,17.991,16.763,18.704,14.916,19.225,18.741,24.252,23.668,23.064,28.595,25.357,23.587,30.94,29.06,26.871,25.405,26.299,27.469,29.441,,43.836,46.208,43.134,44.19,42.403,42.226,41.873,44.779,46.549,46.018,45.664,45.487,45.31,45.133,46.195,45.817,48.359,36.811,38.843,34.957,38.542,37.024,39.746,40.657,40.311,37.262,40.374,37.651,41.034,40.035,45.274,41.034,35.027,32.522,36.364,33.519,39.011,38.087,36.689,40.433,39.42,38.698
IR67,23.062,23.062,21.161,20.225,20.917,23.65,16.174,21.415,23.42,22.719,22.881,18.597,18.597,21.161,18.519,17.817,19.251,20.074,22.617,21.004,22.119,21.375,20.141,19.4,19.65,19.65,19.65,19.301,22.119,22.119,21.93,22.667,23.993,22.371,22.371,20.617,21.113,23.591,16.509,20.121,21.221,23.333,18.016,26.096,25.304,25.05,28.2,27.689,27.835,26.804,26.465,27.14,25.261,22.676,26.25,27.463,25.887,26.25,43.836,,48.526,46.309,46.622,48.315,49.548,48.869,48.526,50.34,48.299,48.526,48.636,48.864,47.727,48.409,46.966,46.712,35.281,35.177,36.062,42.731,43.545,42.79,43.142,44.027,38.717,38.496,37.832,41.242,41.15,40.342,39.462,35.268,34.375,33.731,37.136,38.359,38.137,39.286,39.911,38.581,39.073
IR66,19.503,19.503,25.235,24.294,16.241,20.513,14.773,20.218,20.919,20.121,17.519,17.114,17.114,18.282,16.478,16.428,17.278,17.762,19.876,18.523,18.514,18.278,16.746,16.687,14.139,14.139,14.139,15.918,15.641,15.641,16.896,19.654,18.981,16.418,15.944,16.164,16.438,24.738,14.008,16.499,13.736,17.207,14.121,17.832,16.571,22.747,22.386,21.486,27.994,23.294,24.615,28.961,28.279,23.779,26.584,26.242,26.429,27.116,46.208,48.526,,58.404,55.688,57.801,56.218,57.092,56.314,56.314,56.655,55.461,56.068,55.726,54.701,56.752,55.218,54.902,38.235,37.014,36.303,39.138,39.086,40.87,40.796,41.459,36.755,39.479,37.977,38.424,37.625,41.728,39.196,35.56,35.927,39.458,36.969,38.727,38.172,37.601,39.068,36.946,37.882
IR61,19.201,19.201,24.081,22.61,15.831,19.088,13.308,17.857,19.382,17.64,15.349,16.96,16.96,18.215,16.646,16.541,17.497,17.976,18.681,16.19,16.357,16.705,16.882,16.114,14.899,14.899,14.899,16.646,16.334,16.334,16.91,18.879,19.351,16.667,15.385,17.1,16.734,23.27,13.153,17.07,14.835,16.644,12.908,18.376,17.435,21.324,21.708,21.163,24.733,25.479,25.376,26.227,24.873,22.75,25.346,24.228,24.113,24.499,43.134,46.309,58.404,,81.507,59.227,58.12,59.075,59.932,59.418,58.39,58.904,60.892,61.063,60.034,60.206,61.266,61.488,34.911,34.137,32.888,35.868,39.0,40.385,40.833,41.167,34.095,36.63,34.477,36.842,36.667,42.786,37.374,36.0,36.167,38.602,32.9,36.314,35.612,34.528,35.252,33.937,34.526
IR64,18.717,18.717,22.744,21.241,16.357,19.438,13.384,17.818,19.007,17.84,15.349,16.349,16.349,17.445,15.829,16.556,17.536,18.27,18.532,15.394,16.175,16.647,16.409,15.625,15.83,15.83,15.83,16.345,16.816,16.816,17.045,19.403,19.152,16.418,16.269,16.164,16.712,25.577,13.701,15.925,14.652,16.502,12.843,18.117,17.291,21.778,21.746,21.266,25.117,26.19,25.769,28.253,26.884,23.645,26.242,24.805,25.853,25.275,44.19,46.622,55.688,81.507,,61.032,59.316,59.786,60.445,59.589,58.733,59.589,60.72,60.892,59.691,61.407,63.81,62.363,36.095,36.831,34.459,35.833,37.201,39.86,41.0,40.333,34.167,38.015,36.06,38.449,36.975,42.04,36.7,35.091,33.667,36.778,34.201,35.466,35.315,34.202,36.937,34.488,35.379
IR53,19.326,19.326,21.336,20.965,16.787,19.437,13.642,19.518,19.873,19.162,17.804,16.569,16.569,17.866,15.567,17.126,18.193,18.854,19.141,18.71,18.45,18.45,18.509,16.854,15.323,15.323,15.323,17.443,18.351,18.351,19.568,19.715,18.88,16.736,16.166,17.756,17.746,26.834,14.509,16.864,18.112,19.303,15.396,17.778,17.841,24.143,25.463,24.785,25.645,23.713,25.806,27.411,25.381,24.7,28.25,26.367,26.596,29.241,42.403,48.315,57.801,59.227,61.032,,79.964,80.143,60.465,60.823,58.676,58.676,61.111,60.573,58.781,62.724,60.0,60.44,37.475,35.091,34.079,36.897,38.699,41.316,41.739,41.217,34.021,36.784,34.76,40.69,38.554,41.791,40.522,37.636,36.585,38.906,36.617,37.774,36.511,35.788,37.59,36.627,36.315
IR51,19.241,19.241,24.436,23.872,18.025,19.686,14.107,19.162,19.258,19.065,17.125,16.24,16.24,17.561,15.75,16.302,17.254,18.094,19.259,17.93,17.819,18.054,18.075,17.319,16.117,16.117,16.117,17.513,18.378,18.378,17.897,18.337,19.144,16.6,15.417,16.757,17.703,25.996,13.765,16.407,16.547,18.359,14.693,18.565,17.898,23.726,23.615,22.843,24.809,23.246,24.423,28.938,27.568,26.187,26.911,26.04,27.828,27.975,42.226,49.548,56.218,58.12,59.316,79.964,,95.528,62.543,60.481,59.45,59.107,62.306,61.102,60.585,64.028,62.333,62.198,36.095,33.745,33.277,35.821,38.435,38.832,39.508,39.508,33.333,36.891,34.333,39.448,38.151,43.035,40.572,37.091,35.0,38.602,35.688,37.66,37.477,36.319,38.739,36.799,36.643
IR52,18.717,18.717,23.496,22.932,18.149,20.516,14.706,19.565,19.923,19.59,17.471,16.588,16.588,18.158,16.4,16.802,17.853,18.766,20.105,18.367,18.362,18.486,18.17,17.38,16.282,16.282,16.282,17.339,19.329,19.329,17.436,19.372,19.448,16.62,15.896,16.643,17.07,24.109,13.354,16.269,15.607,17.155,13.725,18.249,17.541,24.413,24.025,23.236,25.327,23.78,25.626,28.473,27.101,25.945,26.829,26.059,26.619,28.758,41.873,48.869,57.092,59.075,59.786,80.143,95.528,,62.612,61.181,59.75,59.571,62.007,61.111,60.932,64.516,61.759,61.758,35.7,33.745,32.927,36.348,38.475,39.671,40.348,40.0,33.913,36.891,35.009,39.792,37.847,43.284,40.696,36.364,34.495,37.994,34.758,37.294,37.117,37.158,38.559,36.519,36.282
IR55,19.685,19.685,21.698,20.943,17.791,20.073,14.159,18.568,19.879,19.563,17.702,17.601,17.601,19.188,17.402,17.127,18.149,18.659,20.299,18.447,18.322,18.44,17.976,16.486,14.618,14.618,14.618,15.504,17.419,17.419,18.491,18.555,19.127,17.35,16.901,16.552,17.655,25.42,13.566,16.763,15.867,17.188,13.703,17.241,16.812,22.437,22.6,21.683,26.636,25.595,27.027,27.835,25.43,23.934,26.48,27.387,26.486,27.287,44.779,48.526,56.314,59.932,60.445,60.465,62.543,62.612,,89.1,89.792,89.619,86.308,86.135,85.615,79.828,79.846,80.837,37.475,36.701,35.871,36.06,37.649,39.685,40.333,40.0,33.833,37.336,36.06,39.835,38.047,43.641,40.741,36.38,35.511,37.386,36.059,36.813,37.004,35.668,36.282,36.198,35.986
IR57,19.948,19.948,22.642,21.698,17.442,20.196,14.918,19.417,20.242,19.927,18.168,17.377,17.377,19.065,17.276,17.68,18.743,19.146,20.299,18.204,18.558,18.676,18.333,16.486,15.265,15.265,15.265,15.891,17.29,17.29,18.365,18.68,19.255,18.033,16.901,17.517,18.621,25.42,13.875,17.919,16.79,17.614,13.703,18.391,17.971,22.288,23.191,22.006,26.791,26.339,27.413,28.007,25.258,23.934,25.389,26.604,25.946,27.918,46.549,50.34,56.314,59.418,59.589,60.823,60.481,61.181,89.1,,92.561,91.696,86.482,87.348,87.175,78.276,79.463,80.396,38.462,37.32,36.21,36.227,37.819,40.559,41.0,40.667,34.333,38.837,37.563,39.504,37.879,42.643,41.246,38.026,37.353,39.21,37.546,38.095,38.628,36.971,38.087,37.686,38.156
IR58,19.423,19.423,23.396,22.453,16.977,19.584,13.78,18.932,19.636,19.32,17.081,17.265,17.265,18.819,17.024,16.906,17.912,18.293,20.05,18.204,18.085,18.322,17.738,16.245,15.136,15.136,15.136,15.116,17.161,17.161,18.616,18.555,18.87,17.213,16.197,16.414,17.517,24.58,13.361,17.341,16.052,17.33,13.557,18.391,17.681,22.14,22.452,21.359,26.168,26.19,24.71,28.351,26.632,24.426,26.48,27.543,26.306,26.656,46.018,48.299,56.655,58.39,58.733,58.676,59.45,59.75,89.792,92.561,,93.772,85.962,87.868,87.868,77.931,78.887,81.057,38.264,36.907,36.548,36.561,36.968,38.986,39.167,38.667,34.333,38.086,36.895,38.182,38.215,42.145,41.414,37.112,37.521,37.994,37.732,37.912,37.726,36.319,37.004,37.355,37.432
IR59,19.685,19.685,23.208,22.264,17.326,20.196,14.286,19.296,20.0,19.563,17.547,17.713,17.713,19.311,17.528,17.569,18.624,18.902,20.174,18.689,18.322,18.558,17.857,16.606,14.618,14.618,14.618,15.762,17.419,17.419,17.987,18.182,18.999,17.896,16.761,16.828,17.931,25.21,13.875,17.052,16.605,18.04,14.286,18.822,18.261,22.14,21.566,20.55,25.857,26.637,24.71,27.32,25.945,24.59,25.701,26.448,25.946,26.656,45.664,48.526,55.461,58.904,59.589,58.676,59.107,59.571,89.619,91.696,93.772,,86.135,86.828,86.308,77.069,78.311,79.736,39.053,37.526,36.379,36.728,37.819,38.462,38.5,38.5,34.333,38.086,37.229,38.678,38.552,42.145,41.077,37.477,36.683,38.602,37.918,38.462,38.809,35.342,37.365,37.025,37.975
IR56,18.66,18.66,23.44,22.495,17.695,20.343,14.937,19.198,19.417,18.978,17.391,17.059,17.059,18.966,17.424,17.588,18.646,19.048,19.451,18.104,18.107,18.343,18.832,16.386,16.062,16.062,16.062,16.559,18.088,18.088,18.916,19.451,20.849,18.219,17.09,16.874,18.257,24.58,14.212,18.261,16.636,17.664,14.181,18.732,17.997,23.81,24.26,23.301,27.613,26.975,27.079,29.604,27.539,25.41,26.053,28.056,27.798,28.956,45.487,48.636,56.068,60.892,60.72,61.111,62.306,62.007,86.308,86.482,85.962,86.135,,89.775,88.388,82.586,80.962,83.885,39.448,37.19,35.932,36.789,37.713,40.734,40.667,40.0,35.225,38.722,37.291,39.735,38.954,45.75,42.088,36.813,36.409,38.906,36.989,38.165,39.06,36.705,37.613,36.755,38.225
IR60,19.58,19.58,23.819,22.873,17.346,19.363,14.304,18.469,18.689,18.248,16.77,17.172,17.172,19.089,17.424,17.478,18.527,18.926,19.202,17.983,17.988,18.343,19.19,16.627,16.321,16.321,16.321,16.559,17.571,17.571,18.514,19.202,20.18,18.331,17.348,16.713,17.68,25.84,13.58,18.09,15.867,17.07,13.577,18.273,17.391,23.065,23.077,21.845,26.521,25.484,27.466,28.055,26.506,23.77,25.429,27.429,26.715,26.856,45.31,48.864,55.726,61.063,60.892,60.573,61.102,61.111,86.135,87.348,87.868,86.828,89.775,,92.548,82.414,82.692,84.327,37.87,35.744,35.424,36.288,37.884,39.161,40.167,39.167,34.558,39.098,37.458,38.576,38.28,45.0,41.751,35.714,35.738,37.69,36.617,39.083,39.06,37.622,38.336,38.245,38.587
IR62,19.448,19.448,23.44,22.495,16.997,18.75,13.291,18.104,18.083,18.127,16.304,16.947,16.947,19.089,17.298,16.704,17.696,18.315,18.454,17.375,17.041,17.396,18.236,15.904,16.192,16.192,16.192,15.653,17.313,17.313,18.388,18.08,19.666,17.1,16.079,16.436,16.989,25.21,13.374,17.511,15.314,16.927,13.139,17.986,17.101,23.363,23.373,22.006,26.521,24.59,26.692,28.227,25.301,23.279,26.209,27.116,26.354,26.698,45.133,47.727,54.701,60.034,59.691,58.781,60.585,60.932,85.615,87.175,87.868,86.308,88.388,92.548,,81.379,83.269,84.327,38.067,36.777,35.763,35.786,37.713,38.287,39.667,38.667,35.893,38.534,36.957,39.57,38.617,45.25,41.414,35.897,34.564,37.082,36.803,38.165,38.336,35.993,36.528,35.596,37.138
IR54,19.711,19.711,24.008,23.251,18.393,20.098,14.43,18.104,18.932,18.248,16.46,16.611,16.611,18.719,17.298,16.704,17.696,18.193,18.828,17.861,17.87,18.225,18.474,16.867,15.484,15.484,15.484,15.077,18.275,18.275,17.566,19.627,20.615,16.894,16.152,17.607,18.157,25.0,13.744,17.003,15.229,17.28,13.663,19.054,17.749,23.739,24.408,23.786,26.365,24.441,26.499,30.069,27.32,23.404,26.636,26.135,27.387,28.707,46.195,48.409,56.752,60.206,61.407,62.724,64.028,64.516,79.828,78.276,77.931,77.069,82.586,82.414,81.379,,84.423,85.21,39.053,35.124,35.254,36.455,39.249,38.986,39.333,39.167,35.225,39.474,37.458,39.238,38.617,45.0,40.741,36.066,35.058,37.994,36.989,38.165,37.975,35.016,37.071,35.43,35.87
IR63,19.605,19.605,22.404,21.676,17.352,19.674,13.739,18.145,19.06,17.876,16.111,16.113,16.113,18.12,16.387,16.447,17.51,17.914,18.006,17.339,17.363,17.885,18.626,16.069,16.643,16.643,16.643,16.783,18.968,18.968,18.394,19.488,20.792,16.942,16.792,17.358,17.841,25.63,12.749,17.834,14.588,17.284,13.651,19.683,18.328,23.841,23.878,22.836,26.298,25.373,26.481,27.13,25.043,23.265,28.472,26.876,26.596,26.644,45.817,46.966,55.218,61.266,63.81,60.0,62.333,61.759,79.846,79.463,78.887,78.311,80.962,82.692,83.269,84.423,,95.154,38.34,36.166,35.978,38.148,38.448,41.061,41.899,40.968,35.663,38.406,36.804,42.989,39.779,44.527,40.596,37.687,36.94,37.69,36.989,37.226,37.158,37.179,36.976,36.066,36.051
IR65,23.118,23.118,22.83,22.075,21.947,23.741,15.849,22.518,24.071,22.872,21.299,19.937,19.937,22.966,21.013,19.626,21.379,22.083,22.744,22.621,23.16,24.057,21.791,18.942,19.264,19.264,19.264,18.624,21.658,21.658,21.169,21.479,23.913,20.93,20.93,19.856,20.939,25.63,13.66,20.913,16.579,19.188,15.076,23.091,20.904,25.626,26.397,25.0,27.362,28.119,26.99,29.518,26.908,24.353,30.461,29.234,28.514,28.486,48.359,46.712,54.902,61.488,62.363,60.44,62.198,61.758,80.837,80.396,81.057,79.736,83.885,84.327,84.327,85.21,95.154,,37.634,36.966,36.538,38.806,38.004,40.271,41.277,40.213,38.889,41.453,40.598,45.416,42.398,45.636,43.041,37.284,37.716,37.082,37.901,38.593,38.806,38.248,37.1,37.74,37.393
IR90,20.805,20.805,22.306,20.605,20.165,23.116,15.734,20.033,21.488,19.702,19.814,17.088,17.088,18.855,16.958,17.716,19.163,20.234,20.0,21.572,21.07,21.405,19.651,19.01,17.541,17.541,17.541,18.268,19.206,19.206,20.208,18.71,20.251,19.866,19.866,18.319,20.84,24.895,15.14,20.599,21.226,21.478,16.934,21.664,20.209,26.486,26.079,25.0,30.699,26.937,25.926,27.374,26.629,25.198,28.119,26.866,25.187,27.675,36.811,35.281,38.235,34.911,36.095,37.475,36.095,35.7,37.475,38.462,38.264,39.053,39.448,37.87,38.067,39.053,38.34,37.634,,69.831,70.884,46.215,46.548,46.458,45.957,46.154,39.208,40.237,39.053,42.126,35.306,39.646,38.386,38.614,38.812,38.272,37.154,40.514,38.933,37.747,38.538,37.352,37.822
IR100,21.116,20.569,17.784,16.416,19.817,19.84,14.246,19.456,20.579,19.055,20.988,17.279,17.279,18.598,16.719,15.896,16.015,16.352,21.035,21.257,21.449,21.014,16.864,16.472,18.58,18.58,18.602,17.532,19.896,19.896,19.281,20.73,21.217,19.932,19.932,18.576,19.764,27.521,16.451,18.231,23.25,23.693,19.53,21.505,20.182,28.067,27.257,26.681,31.376,27.757,25.872,29.502,28.736,26.778,30.268,27.063,27.639,28.157,38.843,35.177,37.014,34.137,36.831,35.091,33.745,33.745,36.701,37.32,36.907,37.526,37.19,35.744,36.777,35.124,36.166,36.966,69.831,,88.247,44.239,44.223,45.275,46.074,45.661,37.573,38.583,37.008,41.273,34.56,38.75,36.722,39.419,41.079,38.037,35.967,38.557,38.351,37.137,38.351,38.144,38.115
IR101,19.351,19.351,22.037,20.185,16.222,18.758,13.191,18.622,18.116,17.554,16.094,14.397,14.397,15.545,13.711,14.851,15.702,16.141,17.968,19.277,18.897,18.545,16.627,16.206,16.624,16.624,16.624,16.15,17.503,17.503,18.976,16.276,18.646,17.213,16.994,16.227,19.12,27.521,14.724,17.698,19.553,20.822,17.226,18.931,17.69,23.609,24.405,23.306,29.827,24.211,25.191,28.475,29.153,25.539,28.081,26.012,27.629,28.549,34.957,36.062,36.303,32.888,34.459,34.079,33.277,32.927,35.871,36.21,36.548,36.379,35.932,35.424,35.763,35.254,35.978,36.538,70.884,88.247,,44.293,43.174,44.245,43.761,43.761,36.106,39.219,36.153,38.23,33.055,40.25,35.135,40.036,38.526,39.571,34.766,37.615,37.251,35.43,37.613,35.868,37.05
IR81,19.481,19.481,22.305,21.19,15.571,17.918,12.36,17.026,17.605,17.047,15.054,15.205,15.205,15.815,14.625,15.646,16.549,17.129,17.365,17.365,17.62,17.386,15.684,16.627,15.924,15.924,15.924,17.313,17.503,17.503,18.068,16.606,18.008,17.799,17.018,17.469,19.015,24.738,12.92,17.689,15.654,19.128,15.652,18.741,16.498,22.206,22.32,21.104,27.709,24.26,27.29,27.816,26.451,22.886,24.922,24.572,26.571,29.403,38.542,42.731,39.138,35.868,35.833,36.897,35.821,36.348,36.06,36.227,36.561,36.728,36.789,36.288,35.786,36.455,38.148,38.806,46.215,44.239,44.293,,57.388,56.915,57.673,58.685,39.409,41.527,37.645,39.344,37.793,46.0,38.449,40.29,36.5,41.718,37.989,40.402,39.459,39.216,41.441,38.056,39.964
IR78,18.008,18.008,23.913,22.464,16.667,19.083,13.222,16.319,17.892,17.076,15.935,15.873,15.873,17.435,15.237,16.463,17.443,17.936,17.15,17.647,17.9,17.303,16.808,15.732,16.536,16.536,16.536,15.681,17.241,17.241,16.872,18.734,19.392,16.872,16.174,17.416,17.445,23.899,14.619,17.442,16.477,18.634,15.836,18.421,17.012,23.077,25.526,25.254,28.527,24.961,23.606,27.946,27.609,24.664,26.183,25.669,25.841,27.673,37.024,43.545,39.086,39.0,37.201,38.699,38.435,38.475,37.649,37.819,36.968,37.819,37.713,37.884,37.713,39.249,38.448,38.004,46.548,44.223,43.174,57.388,,66.91,67.073,67.073,40.599,42.909,40.133,41.047,37.458,41.709,39.353,39.421,37.585,40.741,39.591,42.518,41.906,38.591,41.906,39.601,42.039
IR43,18.478,18.478,21.782,20.396,14.218,17.559,14.267,16.276,17.857,16.543,16.339,14.806,14.806,15.645,13.642,14.703,15.561,16.005,16.984,15.517,14.868,14.988,15.515,15.602,14.304,14.304,14.304,15.395,16.121,16.121,17.318,16.52,16.558,16.364,15.252,17.465,16.62,24.554,12.994,18.355,17.025,17.391,13.752,15.982,16.176,23.053,23.053,23.482,28.824,23.773,25.714,28.597,28.058,24.919,26.164,26.72,26.565,26.427,39.746,42.79,40.87,40.385,39.86,41.316,38.832,39.671,39.685,40.559,38.986,38.462,40.734,39.161,38.287,38.986,41.061,40.271,46.458,45.275,44.245,56.915,66.91,,86.14,86.667,39.206,41.27,36.077,40.204,35.398,40.761,39.261,37.595,35.017,37.162,36.204,41.199,40.19,37.884,39.81,37.955,40.267
IR44,18.431,18.431,23.783,22.472,16.266,17.428,13.259,17.024,17.836,16.925,15.885,16.318,16.318,17.271,15.136,15.978,16.9,17.605,17.482,16.647,16.686,16.802,17.33,15.896,14.286,14.286,14.286,16.35,16.288,16.288,18.068,17.518,18.467,17.473,16.16,17.185,16.644,25.577,13.522,20.0,17.563,18.915,15.473,17.3,16.289,23.538,23.977,23.003,28.769,24.963,26.204,30.256,29.915,24.756,26.534,26.453,26.619,27.882,40.657,43.142,40.796,40.833,41.0,41.739,39.508,40.348,40.333,41.0,39.167,38.5,40.667,40.167,39.667,39.333,41.899,41.277,45.957,46.074,43.761,57.673,67.073,86.14,,96.985,40.759,42.373,37.96,40.228,36.655,42.532,40.404,39.564,37.271,40.557,37.244,41.728,40.761,38.499,40.58,39.073,40.472
IR45,18.954,18.954,24.157,22.659,15.693,17.428,13.383,16.548,17.836,16.925,16.036,16.318,16.318,17.271,15.136,15.87,16.783,17.365,17.359,16.052,16.107,16.107,17.096,15.896,14.412,14.412,14.412,15.843,16.162,16.162,17.942,17.64,18.342,17.742,16.16,17.997,17.185,24.948,13.824,19.577,17.204,18.776,15.473,17.581,16.714,23.684,23.977,23.163,28.462,24.816,26.012,29.573,29.402,24.267,26.534,25.382,26.079,28.349,40.311,44.027,41.459,41.167,40.333,41.217,39.508,40.0,40.0,40.667,38.667,38.5,40.0,39.167,38.667,39.167,40.968,40.213,46.154,45.661,43.761,58.685,67.073,86.667,96.985,,40.759,42.373,37.793,40.391,36.655,42.025,39.899,39.201,36.938,39.938,37.803,41.728,40.761,37.847,40.399,38.742,40.109
IR80,16.815,16.815,20.499,19.43,16.536,17.861,13.609,16.336,16.434,15.537,15.17,14.595,14.595,15.721,14.32,14.119,14.773,15.869,16.747,15.403,15.927,16.268,15.207,13.372,15.155,15.155,15.155,15.951,15.281,15.281,17.81,15.617,16.481,17.989,17.995,16.554,16.733,24.473,13.287,18.028,15.273,17.241,13.901,19.034,17.385,20.968,21.499,20.806,27.231,25.369,27.808,28.862,26.825,24.298,28.418,26.698,26.738,23.214,37.262,38.717,36.755,34.095,34.167,34.021,33.333,33.913,33.833,34.333,34.333,34.333,35.225,34.558,35.893,35.225,35.663,38.889,39.208,37.573,36.106,39.409,40.599,39.206,40.759,40.759,,60.512,58.902,48.822,43.966,48.485,49.391,36.496,38.023,39.938,37.853,36.599,36.43,36.364,36.43,35.5,35.87
IR73,20.411,20.411,20.956,19.853,19.802,20.871,14.58,18.722,19.436,18.871,18.085,19.028,19.028,20.997,18.594,18.098,19.281,20.387,20.486,19.79,19.94,19.94,18.273,16.523,18.871,18.871,18.871,17.934,18.208,18.208,19.758,19.311,19.501,18.524,18.524,18.24,18.838,25.949,16.092,20.398,18.792,20.227,15.552,19.967,19.231,23.96,23.856,23.091,28.302,27.891,26.443,28.822,27.592,26.857,26.232,26.761,26.512,24.915,40.374,38.496,39.479,36.63,38.015,36.784,36.891,36.891,37.336,38.837,38.086,38.086,38.722,39.098,38.534,39.474,38.406,41.453,40.237,38.583,39.219,41.527,42.909,41.27,42.373,42.373,60.512,,93.621,48.859,44.886,50.758,51.44,37.288,39.736,40.867,36.654,39.033,37.732,38.505,39.219,37.361,38.078
IR79,17.798,17.798,20.956,19.853,17.367,17.204,11.97,16.489,16.825,16.271,14.554,16.905,16.905,18.269,16.296,16.129,16.935,17.633,17.848,16.548,16.59,16.59,16.331,14.934,16.561,16.561,16.561,15.645,16.625,16.625,18.138,17.118,17.353,16.376,16.62,15.205,16.442,24.895,14.128,18.065,15.838,18.207,14.121,17.791,16.981,21.778,21.366,20.392,26.543,25.484,25.14,26.78,25.593,25.207,24.379,25.039,25.267,23.135,37.651,37.832,37.977,34.477,36.06,34.76,34.333,35.009,36.06,37.563,36.895,37.229,37.291,37.458,36.957,37.458,36.804,40.598,39.053,37.008,36.153,37.645,40.133,36.077,37.96,37.793,58.902,93.621,,46.918,43.448,50.505,49.217,37.455,37.752,41.796,38.346,38.376,36.727,35.774,37.818,35.94,36.89
IR72,19.135,19.135,23.694,22.201,16.648,18.214,12.638,16.568,17.376,16.232,14.35,15.755,15.755,16.647,14.637,15.858,16.763,17.458,16.828,16.019,16.303,16.648,17.209,16.745,16.898,16.898,16.898,17.419,17.419,17.419,20.15,17.69,20.694,19.317,17.997,19.363,18.808,30.169,15.3,17.704,17.989,19.945,15.449,21.221,20.056,24.422,23.983,22.524,28.723,25.47,29.537,30.94,30.085,28.361,28.463,29.618,29.803,28.139,41.034,41.242,38.424,36.842,38.449,40.69,39.448,39.792,39.835,39.504,38.182,38.678,39.735,38.576,39.57,39.238,42.989,45.416,42.126,41.273,38.23,39.344,41.047,40.204,40.228,40.391,48.822,48.859,46.918,,54.152,60.859,59.686,40.835,41.098,43.344,39.286,39.114,38.0,37.993,38.182,37.271,38.475
IR69,18.915,18.915,22.449,21.15,14.528,17.821,12.185,14.721,15.589,14.867,13.289,15.574,15.574,16.387,15.272,15.34,16.273,17.008,16.449,16.096,16.03,16.276,17.25,16.288,16.048,16.048,16.048,17.083,16.667,16.667,18.663,16.949,18.1,17.422,17.201,18.012,17.335,25.316,13.542,18.249,15.922,17.862,13.876,18.834,17.398,22.713,21.884,20.067,25.0,24.695,28.711,25.043,25.383,23.333,26.176,24.019,26.118,26.06,40.035,41.15,37.625,36.667,36.975,38.554,38.151,37.847,38.047,37.879,38.215,38.552,38.954,38.28,38.617,38.617,39.779,42.398,35.306,34.56,33.055,37.793,37.458,35.398,36.655,36.655,43.966,44.886,43.448,54.152,,70.96,69.11,34.552,35.424,42.415,34.463,34.935,33.698,31.826,34.244,32.667,33.514
IR70,27.332,27.332,24.217,23.173,24.528,25.957,17.303,24.043,25.478,23.617,24.828,21.755,21.755,24.786,22.197,21.544,23.838,25.0,26.068,23.779,25.902,26.539,24.494,25.151,24.353,24.353,24.353,23.69,24.841,24.841,25.098,23.82,28.041,24.406,24.406,23.312,23.529,26.77,16.153,23.632,25.413,25.322,19.731,25.597,23.789,28.604,26.484,25.926,30.536,30.841,29.186,28.162,27.446,25.984,29.257,27.033,28.469,29.095,45.274,40.342,41.728,42.786,42.04,41.791,43.035,43.284,43.641,42.643,42.145,42.145,45.75,45.0,45.25,45.0,44.527,45.636,39.646,38.75,40.25,46.0,41.709,40.761,42.532,42.025,48.485,50.758,50.505,60.859,70.96,,76.59,40.554,42.569,44.582,39.494,37.186,35.176,38.636,36.683,36.683,36.935
IR71,19.393,19.393,24.67,23.54,16.468,18.182,12.647,17.691,17.794,17.588,15.994,16.975,16.975,18.17,16.601,16.041,17.013,17.254,18.766,16.854,17.132,17.254,18.966,17.879,16.845,16.845,16.845,18.254,19.048,19.048,19.773,19.157,19.355,17.882,17.822,17.337,16.644,26.638,14.182,19.013,16.171,17.622,13.717,19.186,17.982,25.954,24.658,22.333,28.045,28.197,28.07,28.448,28.966,27.621,28.006,27.575,30.254,29.412,41.034,39.462,39.196,37.374,36.7,40.522,40.572,40.696,40.741,41.246,41.414,41.077,42.088,41.751,41.414,40.741,40.596,43.041,38.386,36.722,35.135,38.449,39.353,39.261,40.404,39.899,49.391,51.44,49.217,59.686,69.11,76.59,,36.248,39.358,46.273,38.534,38.104,36.63,35.619,38.095,36.851,36.63
IR91,17.928,17.928,23.265,21.764,18.668,19.697,13.267,19.755,19.592,18.665,16.396,16.584,16.584,18.257,15.692,17.115,18.254,18.554,18.82,18.827,18.675,19.073,16.866,18.633,16.1,16.1,16.1,19.225,19.225,19.225,20.187,18.714,20.086,16.992,16.692,17.273,19.091,24.686,14.108,17.852,17.355,19.969,15.815,19.405,18.325,25.822,23.252,22.302,27.966,25.738,26.886,28.179,28.179,25.046,26.976,25.301,25.853,28.84,35.027,35.268,35.56,36.0,35.091,37.636,37.091,36.364,36.38,38.026,37.112,37.477,36.813,35.714,35.897,36.066,37.687,37.284,38.614,39.419,40.036,40.29,39.421,37.595,39.564,39.201,36.496,37.288,37.455,40.835,34.552,40.554,36.248,,84.673,83.901,41.353,42.593,41.971,43.502,44.161,42.883,44.424
IR84,18.48,18.48,22.139,20.826,17.056,18.204,12.817,18.879,18.735,17.683,14.977,17.005,17.005,18.171,15.883,17.314,18.117,18.505,18.273,19.465,18.365,18.483,16.965,17.918,15.435,15.435,15.435,17.7,16.667,16.667,20.202,18.727,18.089,16.871,16.292,16.644,17.331,25.314,13.538,16.547,16.176,18.414,15.015,19.198,17.775,24.474,22.47,21.044,27.031,24.85,27.273,26.884,27.911,25.246,25.661,25.117,25.853,27.002,32.522,34.375,35.927,36.167,33.667,36.585,35.0,34.495,35.511,37.353,37.521,36.683,36.409,35.738,34.564,35.058,36.94,37.716,38.812,41.079,38.526,36.5,37.585,35.017,37.271,36.938,38.023,39.736,37.752,41.098,35.424,42.569,39.358,84.673,,88.854,42.105,43.889,44.343,42.975,45.255,44.24,45.155
IR92,23.158,23.158,23.81,23.81,26.221,25.916,15.406,27.225,27.154,27.749,29.412,23.965,23.965,27.895,22.905,28.421,28.421,28.421,26.579,26.371,27.154,27.154,24.697,26.044,22.493,22.493,22.493,27.467,26.053,26.053,26.456,25.745,23.691,22.372,22.372,24.054,23.784,28.022,14.189,22.554,24.651,23.936,17.135,24.528,22.678,29.532,27.457,26.042,29.63,29.48,34.483,26.331,24.556,22.848,24.702,26.409,25.223,29.552,36.364,33.731,39.458,38.602,36.778,38.906,38.602,37.994,37.386,39.21,37.994,38.602,38.906,37.69,37.082,37.994,37.69,37.082,38.272,38.037,39.571,41.718,40.741,37.162,40.557,39.938,39.938,40.867,41.796,43.344,42.415,44.582,46.273,83.901,88.854,,45.201,45.988,45.37,47.222,49.074,47.531,47.531
IR82,22.171,22.171,23.54,22.411,20.679,22.933,16.532,21.02,21.605,21.793,21.277,17.179,17.179,19.623,16.423,18.595,19.729,19.033,20.814,19.159,20.561,20.561,19.124,18.209,17.364,17.364,17.364,18.797,20.15,20.15,21.499,20.0,23.653,16.693,16.693,17.093,19.01,27.696,14.286,17.391,18.805,19.281,15.203,19.11,17.384,29.322,26.396,26.266,30.716,25.823,26.706,28.697,28.345,25.094,29.806,26.631,26.821,30.017,33.519,37.136,36.969,32.9,34.201,36.617,35.688,34.758,36.059,37.546,37.732,37.918,36.989,36.617,36.803,36.989,36.989,37.901,37.154,35.967,34.766,37.989,39.591,36.204,37.244,37.803,37.853,36.654,38.346,39.286,34.463,39.494,38.534,41.353,42.105,45.201,,58.523,59.848,58.902,60.227,59.47,60.985
IR83,19.132,19.132,23.925,22.991,19.205,20.0,14.799,18.897,19.559,19.448,19.118,17.358,17.358,19.274,16.715,17.633,18.558,19.008,18.697,18.845,18.692,18.291,19.545,17.703,15.892,15.892,15.892,18.777,19.796,19.796,22.598,20.924,21.439,16.44,16.44,17.879,18.03,26.004,14.869,19.462,16.875,19.099,14.904,18.995,16.984,26.667,24.669,23.616,32.075,25.839,24.371,28.201,27.682,26.345,28.943,26.516,26.808,28.645,39.011,38.359,38.727,36.314,35.466,37.774,37.66,37.294,36.813,38.095,37.912,38.462,38.165,39.083,38.165,38.165,37.226,38.593,40.514,38.557,37.615,40.402,42.518,41.199,41.728,41.728,36.599,39.033,38.376,39.114,34.935,37.186,38.104,42.593,43.889,45.988,58.523,,91.386,78.343,80.712,81.461,82.022
IR88,19.597,19.597,24.486,23.178,19.135,20.33,15.341,19.782,19.21,19.782,19.384,18.057,18.057,19.751,17.236,18.193,19.287,19.891,19.888,20.136,19.551,19.155,19.338,17.647,17.037,17.037,17.037,19.568,19.568,19.568,22.356,21.826,22.048,17.139,16.393,18.563,18.862,26.216,14.961,19.375,17.418,19.325,15.19,19.38,17.085,27.796,25.327,24.182,30.795,27.152,24.758,28.498,27.645,26.691,29.573,27.009,26.455,28.934,38.087,38.137,38.172,35.612,35.315,36.511,37.477,37.117,37.004,38.628,37.726,38.809,39.06,39.06,38.336,37.975,37.158,38.806,38.933,38.351,37.251,39.459,41.906,40.19,40.761,40.761,36.43,37.732,36.727,38.0,33.698,35.176,36.63,41.971,44.343,45.37,59.848,91.386,,78.108,80.996,82.288,83.395
IR89,20.158,20.158,24.248,22.744,18.329,20.146,15.125,20.265,19.157,18.961,17.846,17.706,17.706,19.414,17.064,17.783,18.728,18.886,19.012,18.367,18.83,18.363,18.042,17.188,15.714,15.714,15.714,19.097,18.194,18.194,22.152,21.261,20.253,17.274,16.968,19.35,18.403,27.061,14.562,18.98,16.396,18.296,14.799,17.514,16.193,26.261,23.043,21.683,31.433,25.821,27.821,28.378,27.196,27.742,28.025,25.192,28.191,28.197,36.689,39.286,37.601,34.528,34.202,35.788,36.319,37.158,35.668,36.971,36.319,35.342,36.705,37.622,35.993,35.016,37.179,38.248,37.747,37.137,35.43,39.216,38.591,37.884,38.499,37.847,36.364,38.505,35.774,37.993,31.826,38.636,35.619,43.502,42.975,47.222,58.902,78.343,78.108,,81.076,81.525,83.302
IR85,20.134,20.134,25.047,23.738,19.79,21.291,15.483,20.737,20.708,20.327,19.384,17.559,17.559,19.199,16.809,17.705,18.758,19.482,20.448,20.0,19.947,19.551,19.735,18.048,17.926,17.926,17.926,19.281,20.432,20.432,22.892,21.683,22.333,18.033,17.437,19.311,19.91,27.484,15.636,19.844,18.033,19.632,15.348,19.535,17.241,30.263,25.817,24.909,32.149,27.152,25.919,28.157,27.133,25.96,29.402,27.009,26.279,31.641,40.433,39.911,39.068,35.252,36.937,37.59,38.739,38.559,36.282,38.087,37.004,37.365,37.613,38.336,36.528,37.071,36.976,37.1,38.538,38.351,37.613,41.441,41.906,39.81,40.58,40.399,36.43,39.219,37.818,38.182,34.244,36.683,38.095,44.161,45.255,49.074,60.227,80.712,80.996,81.076,,85.24,85.609
IR86,20.079,20.079,24.486,23.364,18.743,20.574,15.167,20.694,19.431,20.099,19.2,17.943,17.943,19.472,17.183,18.11,19.105,19.279,20.457,19.383,19.471,19.231,18.644,17.582,16.38,16.38,16.38,18.954,18.431,18.431,21.223,21.22,20.303,16.892,16.482,18.529,17.439,27.907,14.944,19.258,17.002,19.128,15.34,18.208,16.81,27.769,25.189,24.459,29.953,27.481,24.952,28.739,28.067,26.187,28.704,25.966,26.455,29.082,39.42,38.581,36.946,33.937,34.488,36.627,36.799,36.519,36.198,37.686,37.355,37.025,36.755,38.245,35.596,35.43,36.066,37.74,37.352,38.144,35.868,38.056,39.601,37.955,39.073,38.742,35.5,37.361,35.94,37.271,32.667,36.683,36.851,42.883,44.24,47.531,59.47,81.461,82.288,81.525,85.24,,89.114
IR87,18.959,18.959,23.748,22.82,18.93,19.973,14.569,19.946,19.241,19.267,19.022,16.873,16.873,18.569,16.028,17.762,18.816,19.132,19.526,19.377,18.947,18.553,18.841,18.109,17.378,17.378,17.378,20.172,21.03,21.03,22.37,21.875,22.207,17.63,17.037,19.94,19.225,27.907,15.566,19.907,16.632,18.779,15.118,18.478,16.954,29.508,24.838,24.182,32.269,28.783,25.528,28.475,27.458,26.325,29.542,26.825,26.095,30.756,38.698,39.073,37.882,34.526,35.379,36.315,36.643,36.282,35.986,38.156,37.432,37.975,38.225,38.587,37.138,35.87,36.051,37.393,37.822,38.115,37.05,39.964,42.039,40.267,40.472,40.109,35.87,38.078,36.89,38.475,33.514,36.935,36.63,44.424,45.155,47.531,60.985,82.022,83.395,83.302,85.609,89.114,
