,TRP74,TRP75,TRP77,TRP3,TRP4,TRP45,TRP38,TRP42,TRP47,TRP43,TRP36,TRP41,TRP72,TRP46,TRP39,TRP40,TRP44,TRP57,TRP58,TRP61,TRP29,TRP51,TRP56,TRP59,TRP76,TRP17,TRP18,TRP19,TRP14,TRP15,TRP_brivido11,TRP_pkd21,TRP13,TRP12,TRP9,TRP11,TRP7,TRP8,TRP10,TRP6,TRP5,TRP27,TRP34,TRP_nompC1,TRP89,TRP79,TRP62,TRP63,TRP64,TRP65,TRP66,TRP67,TRP68,TRP69,TRP70,TRP71,TRP80,TRP84,TRP37,TRP48,TRP49,TRP24,TRP28,TRP23,TRP53,TRP54,TRP55,TRP50,TRP52,TRP30,TRP32,TRP31,TRP26,TRP35,TRP_nompC2,TRP87,TRP86,TRP85,TRP83,TRP81,TRP73,TRP22,TRP88,TRP78,TRPm2,TRPm3,TRPm15,TRPm14,TRPm13,TRPm12,TRPm10,TRPm9,TRPm1,TRPm4,TRPm5,TRPm6,TRPm7,TRPm8,TRPm11,TRP60,TRPA13,TRPA1,TRPA1_1,TRP16,TRP20,TRP25,TRP1,TRP2,TRP21,TRP82,TRP33
TRP74,,99.242,99.663,37.326,37.068,40.874,40.952,40.796,40.778,40.623,40.7,40.856,38.919,25.106,25.149,25.064,25.192,25.855,25.764,25.719,23.989,25.026,25.026,25.026,24.923,30.698,30.698,30.698,31.233,25.0,10.98,9.351,8.077,7.179,7.727,7.583,7.247,7.251,7.652,9.296,8.783,7.942,7.916,6.357,6.966,7.001,7.001,7.001,7.001,7.001,7.001,7.001,7.001,7.001,7.001,7.001,7.001,7.001,6.341,9.7,9.673,5.226,5.23,4.864,5.024,5.024,5.024,5.024,5.024,6.895,9.045,9.165,9.333,9.333,6.944,8.258,8.522,8.36,8.418,8.418,8.418,8.418,8.418,8.418,10.877,10.877,10.877,10.877,10.888,10.882,10.893,10.993,10.992,10.877,10.877,10.877,10.877,10.981,10.982,9.242,11.262,12.154,11.727,8.645,8.645,8.645,7.705,7.705,8.303,8.303,8.303
TRP75,99.242,,99.578,36.978,36.722,41.163,41.241,41.084,41.066,40.909,40.987,41.144,39.196,25.15,25.193,25.107,25.236,25.903,25.812,25.767,24.003,25.206,25.206,25.206,25.103,30.698,30.698,30.698,31.233,25.183,10.958,9.424,8.117,7.216,7.772,7.624,7.286,7.29,7.692,9.346,8.748,7.912,7.886,6.5,7.024,7.039,7.039,7.039,7.039,7.039,7.039,7.039,7.039,7.039,7.039,7.039,7.039,7.039,6.446,9.763,9.735,5.268,5.273,4.892,5.051,5.051,5.051,5.051,5.051,6.929,9.086,9.208,9.375,9.375,6.944,8.298,8.564,8.401,8.458,8.458,8.458,8.458,8.458,8.458,10.799,10.799,10.799,10.799,10.809,10.803,10.814,10.914,10.913,10.799,10.799,10.799,10.799,10.902,10.903,9.312,11.262,12.154,11.727,8.737,8.737,8.737,7.764,7.764,8.372,8.372,8.372
TRP77,99.663,99.578,,37.117,36.86,41.002,41.08,40.923,40.906,40.749,40.827,40.984,39.042,25.043,25.085,25.0,25.128,25.789,25.699,25.654,23.953,25.077,25.077,25.077,24.974,30.698,30.698,30.698,31.233,25.052,11.024,9.392,8.095,7.196,7.747,7.601,7.264,7.268,7.67,9.309,8.815,7.963,7.937,6.42,6.992,7.018,7.018,7.018,7.018,7.018,7.018,7.018,7.018,7.018,7.018,7.018,7.018,7.018,6.387,9.728,9.7,5.244,5.249,4.876,5.036,5.036,5.036,5.036,5.036,6.91,9.063,9.184,9.351,9.351,6.944,8.275,8.541,8.378,8.436,8.436,8.436,8.436,8.436,8.436,10.832,10.832,10.832,10.832,10.843,10.837,10.848,10.948,10.947,10.832,10.832,10.832,10.832,10.936,10.937,9.273,11.262,12.154,11.727,8.685,8.685,8.685,7.731,7.731,8.333,8.333,8.333
TRP3,37.326,36.978,37.117,,98.239,37.897,37.897,37.756,37.87,37.8,37.8,37.87,37.464,24.084,23.988,24.065,24.006,24.581,24.661,24.641,23.349,23.67,23.67,23.67,23.665,31.425,31.425,31.425,32.329,25.19,11.806,10.907,8.27,7.559,8.128,8.175,7.723,7.727,8.061,12.727,10.256,8.385,8.359,7.787,8.987,7.147,7.147,7.147,7.147,7.147,7.147,7.147,7.147,7.147,7.147,7.147,7.147,7.147,10.314,9.267,9.309,7.36,7.446,6.285,5.723,5.723,5.723,5.723,5.723,7.726,8.759,9.136,9.086,9.086,8.257,8.049,8.214,8.144,8.118,8.118,8.118,8.118,8.118,8.118,11.65,11.65,11.65,11.65,11.661,11.658,11.669,11.516,11.518,11.65,11.65,11.65,11.65,11.506,11.504,10.292,11.377,12.141,11.479,9.487,9.487,9.487,9.063,9.063,9.372,9.372,9.372
TRP4,37.068,36.722,36.86,98.239,,38.136,38.136,37.994,38.109,38.038,38.038,38.109,37.71,24.708,24.611,24.688,24.63,25.219,25.299,25.279,23.794,23.631,23.631,23.631,23.626,31.341,31.341,31.341,32.24,25.142,11.687,10.96,8.208,7.444,8.059,8.11,7.662,7.666,7.998,12.836,10.316,8.611,8.584,7.787,9.039,7.387,7.387,7.387,7.387,7.387,7.387,7.387,7.387,7.387,7.387,7.387,7.387,7.387,10.314,9.552,9.594,7.44,7.526,6.354,5.729,5.729,5.729,5.729,5.729,7.688,9.016,9.4,9.343,9.343,8.257,8.214,8.38,8.312,8.283,8.283,8.283,8.283,8.283,8.283,11.61,11.61,11.61,11.61,11.621,11.618,11.629,11.476,11.478,11.61,11.61,11.61,11.61,11.467,11.465,10.114,11.133,11.752,11.111,9.505,9.505,9.505,8.897,8.897,9.388,9.388,9.388
TRP45,40.874,41.163,41.002,37.897,38.136,,99.913,99.653,99.654,99.309,99.049,99.568,90.666,23.958,24.0,23.917,24.042,24.687,24.599,24.555,22.677,23.022,23.022,23.022,23.116,28.756,28.756,28.756,29.249,23.78,10.966,9.453,7.948,7.625,7.677,7.88,7.416,7.421,7.711,12.351,8.226,7.355,7.33,5.959,7.493,7.035,7.035,7.035,7.035,7.035,7.035,7.035,7.035,7.035,7.035,7.035,7.035,7.035,7.266,9.689,9.733,4.57,4.575,5.489,5.348,5.348,5.348,5.348,5.348,6.113,7.996,8.203,8.393,8.393,7.442,7.411,7.55,7.504,7.457,7.457,7.457,7.457,7.457,7.457,10.291,10.291,10.291,10.291,10.302,10.343,10.354,10.422,10.47,10.291,10.291,10.291,10.291,10.459,10.411,8.883,10.638,11.514,11.301,8.629,8.629,8.629,6.876,6.876,8.008,8.008,8.008
TRP38,40.952,41.241,41.08,37.897,38.136,99.913,,99.74,99.568,99.395,99.136,99.654,90.752,23.938,23.979,23.896,24.021,24.665,24.577,24.533,22.661,22.999,22.999,22.999,23.093,28.719,28.719,28.719,29.211,23.755,10.966,9.453,7.944,7.621,7.672,7.875,7.412,7.416,7.706,12.351,8.226,7.35,7.325,5.959,7.493,7.035,7.035,7.035,7.035,7.035,7.035,7.035,7.035,7.035,7.035,7.035,7.035,7.035,7.266,9.689,9.733,4.57,4.575,5.485,5.345,5.345,5.345,5.345,5.345,6.11,7.996,8.203,8.393,8.393,7.442,7.411,7.55,7.504,7.457,7.457,7.457,7.457,7.457,7.457,10.341,10.341,10.341,10.341,10.352,10.394,10.404,10.473,10.521,10.341,10.341,10.341,10.341,10.51,10.462,8.883,10.638,11.514,11.301,8.629,8.629,8.629,6.87,6.87,8.008,8.008,8.008
TRP42,40.796,41.084,40.923,37.756,37.994,99.653,99.74,,99.309,99.481,98.876,99.395,90.493,23.851,23.892,23.81,23.934,24.576,24.488,24.444,22.661,22.796,22.796,22.796,22.889,28.719,28.719,28.719,29.211,23.651,10.988,9.475,7.953,7.63,7.682,7.885,7.421,7.425,7.715,12.218,8.241,7.36,7.335,5.99,7.507,7.043,7.043,7.043,7.043,7.043,7.043,7.043,7.043,7.043,7.043,7.043,7.043,7.043,7.294,9.703,9.747,4.579,4.583,5.492,5.352,5.352,5.352,5.352,5.352,6.117,8.004,8.211,8.402,8.402,7.442,7.419,7.558,7.512,7.465,7.465,7.465,7.465,7.465,7.465,10.352,10.352,10.352,10.352,10.362,10.404,10.415,10.483,10.532,10.352,10.352,10.352,10.352,10.521,10.473,8.898,10.638,11.514,11.301,8.649,8.649,8.649,6.882,6.882,8.023,8.023,8.023
TRP47,40.778,41.066,40.906,37.87,38.109,99.654,99.568,99.309,,99.654,99.395,99.914,91.011,24.045,24.087,24.003,24.129,24.776,24.688,24.644,22.677,23.022,23.022,23.022,23.116,28.756,28.756,28.756,29.249,23.78,10.966,9.453,7.935,7.67,7.662,7.866,7.403,7.407,7.697,12.351,8.303,7.412,7.388,5.897,7.472,7.018,7.018,7.018,7.018,7.018,7.018,7.018,7.018,7.018,7.018,7.018,7.018,7.018,7.224,9.668,9.712,4.649,4.653,5.478,5.338,5.338,5.338,5.338,5.338,6.103,7.984,8.19,8.38,8.38,7.339,7.399,7.538,7.492,7.445,7.445,7.445,7.445,7.445,7.445,10.271,10.271,10.271,10.271,10.281,10.322,10.333,10.401,10.449,10.271,10.271,10.271,10.271,10.438,10.39,8.853,10.638,11.514,11.301,8.588,8.588,8.588,6.853,6.853,7.977,7.977,7.977
TRP43,40.623,40.909,40.749,37.8,38.038,99.309,99.395,99.481,99.654,,99.222,99.741,90.838,23.938,23.979,23.896,24.021,24.665,24.577,24.533,22.592,22.796,22.796,22.796,22.889,28.719,28.719,28.719,29.211,23.651,10.988,9.475,7.939,7.674,7.667,7.871,7.407,7.412,7.701,12.218,8.318,7.417,7.392,5.928,7.486,7.026,7.026,7.026,7.026,7.026,7.026,7.026,7.026,7.026,7.026,7.026,7.026,7.026,7.252,9.682,9.726,4.658,4.662,5.481,5.342,5.342,5.342,5.342,5.342,6.106,7.992,8.198,8.389,8.389,7.339,7.407,7.546,7.5,7.453,7.453,7.453,7.453,7.453,7.453,10.331,10.331,10.331,10.331,10.341,10.383,10.394,10.462,10.51,10.331,10.331,10.331,10.331,10.499,10.452,8.868,10.638,11.514,11.301,8.608,8.608,8.608,6.859,6.859,7.992,7.992,7.992
TRP36,40.7,40.987,40.827,37.8,38.038,99.049,99.136,98.876,99.395,99.222,,99.481,91.414,24.024,24.066,23.983,24.108,24.754,24.666,24.622,22.607,22.796,22.796,22.796,22.889,28.719,28.719,28.719,29.211,23.755,10.966,9.453,7.892,7.554,7.601,7.81,7.348,7.352,7.642,12.351,8.303,7.34,7.315,5.897,7.472,7.035,7.035,7.035,7.035,7.035,7.035,7.035,7.035,7.035,7.035,7.035,7.035,7.035,7.224,9.524,9.568,4.649,4.653,5.474,5.335,5.335,5.335,5.335,5.335,6.1,7.984,8.19,8.38,8.38,7.339,7.415,7.554,7.508,7.461,7.461,7.461,7.461,7.461,7.461,10.271,10.271,10.271,10.271,10.281,10.322,10.333,10.401,10.449,10.271,10.271,10.271,10.271,10.438,10.39,8.853,10.638,11.514,11.301,8.588,8.588,8.588,6.847,6.847,7.977,7.977,7.977
TRP41,40.856,41.144,40.984,37.87,38.109,99.568,99.654,99.395,99.914,99.741,99.481,,91.098,24.024,24.066,23.983,24.108,24.754,24.666,24.622,22.661,22.999,22.999,22.999,23.093,28.719,28.719,28.719,29.211,23.755,10.966,9.453,7.93,7.666,7.657,7.861,7.399,7.403,7.692,12.351,8.303,7.407,7.383,5.897,7.472,7.018,7.018,7.018,7.018,7.018,7.018,7.018,7.018,7.018,7.018,7.018,7.018,7.018,7.224,9.668,9.712,4.649,4.653,5.474,5.335,5.335,5.335,5.335,5.335,6.1,7.984,8.19,8.38,8.38,7.339,7.399,7.538,7.492,7.445,7.445,7.445,7.445,7.445,7.445,10.321,10.321,10.321,10.321,10.331,10.373,10.383,10.452,10.499,10.321,10.321,10.321,10.321,10.489,10.441,8.853,10.638,11.514,11.301,8.588,8.588,8.588,6.847,6.847,7.977,7.977,7.977
TRP72,38.919,39.196,39.042,37.464,37.71,90.666,90.752,90.493,91.011,90.838,91.414,91.098,,24.211,24.253,24.168,24.296,24.955,24.865,24.82,21.908,22.105,22.105,22.105,22.199,27.979,27.979,27.979,28.474,23.028,10.966,9.453,8.249,7.904,8.006,8.194,7.697,7.702,8.008,12.351,8.303,6.844,6.82,5.897,7.472,5.864,5.864,5.864,5.864,5.864,5.864,5.864,5.864,5.864,5.864,5.864,5.864,5.864,7.224,8.715,8.764,4.649,4.653,5.497,5.414,5.414,5.414,5.414,5.414,6.45,7.741,8.469,8.146,8.146,7.339,6.921,7.056,7.009,6.968,6.968,6.968,6.968,6.968,6.968,8.656,8.656,8.656,8.656,8.665,8.7,8.709,8.767,8.807,8.656,8.656,8.656,8.656,8.798,8.758,8.853,10.638,11.514,11.301,8.588,8.588,8.588,6.985,6.985,7.977,7.977,7.977
TRP46,25.106,25.15,25.043,24.084,24.708,23.958,23.938,23.851,24.045,23.938,24.024,24.024,24.211,,99.429,99.837,99.591,96.893,97.302,97.143,34.671,31.951,31.951,31.951,32.203,34.659,34.659,34.659,35.311,31.784,11.3,10.775,9.848,10.162,10.167,10.167,9.884,9.891,10.167,13.747,11.582,9.957,9.921,13.867,12.179,9.988,9.988,9.988,9.988,9.988,9.988,9.988,9.988,9.988,9.988,9.988,9.954,9.954,14.107,11.626,11.589,9.668,9.675,8.891,8.13,8.13,8.13,8.13,8.13,8.533,9.736,10.103,10.103,10.103,14.074,9.603,9.603,9.603,9.603,9.603,9.603,9.603,9.603,9.603,13.567,13.567,13.567,13.567,13.522,13.65,13.605,13.177,13.251,13.567,13.567,13.567,13.567,13.296,13.223,13.71,11.434,11.895,11.492,11.212,11.212,11.212,10.158,10.158,10.88,10.88,10.88
TRP39,25.149,25.193,25.085,23.988,24.611,24.0,23.979,23.892,24.087,23.979,24.066,24.066,24.253,99.429,,99.592,99.836,97.133,96.735,96.898,34.483,32.135,32.135,32.135,32.39,34.375,34.375,34.375,35.022,31.568,11.321,10.797,9.878,10.192,10.197,10.197,9.913,9.92,10.197,13.35,11.401,9.878,9.843,13.867,12.197,10.0,10.0,10.0,10.0,10.0,10.0,10.0,10.0,10.0,10.0,10.0,9.967,9.967,14.178,11.642,11.604,9.682,9.689,8.904,8.142,8.142,8.142,8.142,8.142,8.545,9.748,10.116,10.116,10.116,14.074,9.615,9.615,9.615,9.615,9.615,9.615,9.615,9.615,9.615,13.444,13.444,13.444,13.444,13.399,13.527,13.482,13.272,13.346,13.444,13.444,13.444,13.444,13.391,13.317,13.594,11.615,11.895,11.492,11.258,11.258,11.258,10.323,10.323,10.983,10.983,10.983
TRP40,25.064,25.107,25.0,24.065,24.688,23.917,23.896,23.81,24.003,23.896,23.983,23.983,24.168,99.837,99.592,,99.429,96.735,97.143,97.306,34.594,31.879,31.879,31.879,32.131,34.801,34.801,34.801,35.456,31.892,11.28,10.754,9.848,10.162,10.167,10.167,9.884,9.891,10.167,13.714,11.564,9.943,9.907,13.867,12.162,9.975,9.975,9.975,9.975,9.975,9.975,9.975,9.975,9.975,9.975,9.975,9.942,9.942,14.107,11.611,11.573,9.655,9.661,8.877,8.118,8.118,8.118,8.118,8.118,8.521,9.723,10.09,10.09,10.09,14.074,9.591,9.591,9.591,9.591,9.591,9.591,9.591,9.591,9.591,13.628,13.628,13.628,13.628,13.583,13.712,13.667,13.239,13.313,13.628,13.628,13.628,13.628,13.358,13.284,13.777,11.615,11.895,11.492,11.212,11.212,11.212,10.295,10.295,10.952,10.952,10.952
TRP44,25.192,25.236,25.128,24.006,24.63,24.042,24.021,23.934,24.129,24.021,24.108,24.108,24.296,99.591,99.836,99.429,,97.293,96.893,96.735,34.56,32.207,32.207,32.207,32.463,34.233,34.233,34.233,34.877,31.459,11.341,10.819,9.878,10.192,10.197,10.197,9.913,9.92,10.197,13.382,11.419,9.892,9.857,13.867,12.214,10.013,10.013,10.013,10.013,10.013,10.013,10.013,10.013,10.013,10.013,10.013,9.98,9.98,14.178,11.657,11.619,9.696,9.703,8.917,8.154,8.154,8.154,8.154,8.154,8.557,9.761,10.129,10.129,10.129,14.074,9.628,9.628,9.628,9.628,9.628,9.628,9.628,9.628,9.628,13.382,13.382,13.382,13.382,13.337,13.465,13.42,13.21,13.284,13.382,13.382,13.382,13.382,13.329,13.255,13.526,11.434,11.895,11.492,11.258,11.258,11.258,10.186,10.186,10.912,10.912,10.912
TRP57,25.855,25.903,25.789,24.581,25.219,24.687,24.665,24.576,24.776,24.665,24.754,24.754,24.955,96.893,97.133,96.735,97.293,,99.58,99.413,35.253,33.178,33.178,33.178,33.451,35.556,35.556,35.556,36.254,32.366,11.667,11.169,10.117,10.431,10.432,10.432,10.142,10.149,10.432,13.906,11.715,10.117,10.08,13.867,12.5,10.217,10.217,10.217,10.217,10.217,10.217,10.217,10.217,10.217,10.217,10.217,10.193,10.193,14.178,11.906,11.867,9.92,9.928,9.125,8.346,8.346,8.346,8.346,8.346,8.755,9.967,10.343,10.343,10.343,14.074,9.823,9.823,9.823,9.823,9.823,9.823,9.823,9.823,9.823,13.642,13.642,13.642,13.642,13.596,13.728,13.682,13.468,13.544,13.642,13.642,13.642,13.642,13.59,13.514,13.746,11.923,12.473,12.043,11.518,11.518,11.518,10.338,10.338,11.087,11.087,11.087
TRP58,25.764,25.812,25.699,24.661,25.299,24.599,24.577,24.488,24.688,24.577,24.666,24.666,24.865,97.302,96.735,97.143,96.893,99.58,,99.832,35.369,32.908,32.908,32.908,33.178,36.0,36.0,36.0,36.707,32.701,11.624,11.123,10.085,10.399,10.401,10.401,10.112,10.119,10.401,14.286,11.883,10.183,10.146,13.867,12.464,10.191,10.191,10.191,10.191,10.191,10.191,10.191,10.191,10.191,10.191,10.191,10.166,10.166,14.107,11.875,11.835,9.892,9.899,9.098,8.321,8.321,8.321,8.321,8.321,8.73,9.941,10.315,10.315,10.315,14.074,9.798,9.798,9.798,9.798,9.798,9.798,9.798,9.798,9.798,13.83,13.83,13.83,13.83,13.784,13.917,13.871,13.434,13.51,13.83,13.83,13.83,13.83,13.556,13.48,13.933,11.923,12.473,12.043,11.47,11.47,11.47,10.309,10.309,11.054,11.054,11.054
TRP61,25.719,25.767,25.654,24.641,25.279,24.555,24.533,24.444,24.644,24.533,24.622,24.622,24.82,97.143,96.898,97.306,96.735,99.413,99.832,,35.287,32.832,32.832,32.832,33.1,36.148,36.148,36.148,36.858,32.813,11.602,11.1,10.085,10.399,10.401,10.401,10.112,10.119,10.401,14.25,11.863,10.168,10.131,13.867,12.445,10.178,10.178,10.178,10.178,10.178,10.178,10.178,10.178,10.178,10.178,10.178,10.153,10.153,14.107,11.859,11.819,9.877,9.885,9.084,8.308,8.308,8.308,8.308,8.308,8.718,9.928,10.302,10.302,10.302,14.074,9.785,9.785,9.785,9.785,9.785,9.785,9.785,9.785,9.785,13.892,13.892,13.892,13.892,13.847,13.98,13.934,13.497,13.573,13.892,13.892,13.892,13.892,13.619,13.542,14.001,12.115,12.473,12.043,11.47,11.47,11.47,10.449,10.449,11.127,11.127,11.127
TRP29,23.989,24.003,23.953,23.349,23.794,22.677,22.661,22.661,22.677,22.592,22.607,22.661,21.908,34.671,34.483,34.594,34.56,35.253,35.369,35.287,,42.283,42.283,42.283,42.599,48.78,48.78,48.78,49.561,42.99,11.1,8.889,9.117,8.372,7.918,7.904,7.947,7.952,7.942,14.621,10.167,11.267,11.223,7.784,8.561,9.909,9.909,9.909,9.909,9.909,9.909,9.909,9.909,9.909,9.909,9.909,9.909,9.909,5.882,11.219,11.093,6.414,6.421,5.409,8.185,8.185,8.185,8.185,8.185,10.965,12.337,12.506,12.608,12.608,0.0,7.785,8.051,7.885,7.95,7.95,7.95,7.95,7.95,7.95,13.326,13.326,13.326,13.326,13.341,13.401,13.416,13.012,13.078,13.326,13.326,13.326,13.326,13.063,12.997,13.366,12.835,13.58,12.963,9.89,9.89,9.89,8.751,8.751,11.135,11.135,11.135
TRP51,25.026,25.206,25.077,23.67,23.631,23.022,22.999,22.796,23.022,22.796,22.796,22.999,22.105,31.951,32.135,31.879,32.207,33.178,32.908,32.832,42.283,,100.0,100.0,99.175,53.083,53.083,53.083,54.141,46.675,9.98,9.402,8.193,8.714,8.179,8.179,8.186,8.193,8.179,12.401,9.502,8.32,8.287,6.806,8.353,7.468,7.468,7.468,7.468,7.468,7.468,7.468,7.468,7.468,7.468,7.468,7.468,7.468,6.583,9.443,9.332,5.142,5.147,5.86,5.91,5.91,5.91,5.91,5.91,4.533,6.355,6.411,6.875,6.875,0.0,9.275,9.275,9.275,9.275,9.275,9.275,9.275,9.275,9.275,11.324,11.324,11.324,11.324,11.34,11.407,11.424,11.095,11.169,11.324,11.324,11.324,11.324,11.152,11.078,12.0,12.45,13.42,12.987,9.611,9.611,9.611,9.3,9.3,10.109,10.109,10.109
TRP56,25.026,25.206,25.077,23.67,23.631,23.022,22.999,22.796,23.022,22.796,22.796,22.999,22.105,31.951,32.135,31.879,32.207,33.178,32.908,32.832,42.283,100.0,,100.0,99.175,53.083,53.083,53.083,54.141,46.675,9.98,9.402,8.193,8.714,8.179,8.179,8.186,8.193,8.179,12.401,9.502,8.32,8.287,6.806,8.353,7.468,7.468,7.468,7.468,7.468,7.468,7.468,7.468,7.468,7.468,7.468,7.468,7.468,6.583,9.443,9.332,5.142,5.147,5.86,5.91,5.91,5.91,5.91,5.91,4.533,6.355,6.411,6.875,6.875,0.0,9.275,9.275,9.275,9.275,9.275,9.275,9.275,9.275,9.275,11.324,11.324,11.324,11.324,11.34,11.407,11.424,11.095,11.169,11.324,11.324,11.324,11.324,11.152,11.078,12.0,12.45,13.42,12.987,9.611,9.611,9.611,9.3,9.3,10.109,10.109,10.109
TRP59,25.026,25.206,25.077,23.67,23.631,23.022,22.999,22.796,23.022,22.796,22.796,22.999,22.105,31.951,32.135,31.879,32.207,33.178,32.908,32.832,42.283,100.0,100.0,,99.175,53.083,53.083,53.083,54.141,46.675,9.98,9.402,8.193,8.714,8.179,8.179,8.186,8.193,8.179,12.401,9.502,8.32,8.287,6.806,8.353,7.468,7.468,7.468,7.468,7.468,7.468,7.468,7.468,7.468,7.468,7.468,7.468,7.468,6.583,9.443,9.332,5.142,5.147,5.86,5.91,5.91,5.91,5.91,5.91,4.533,6.355,6.411,6.875,6.875,0.0,9.275,9.275,9.275,9.275,9.275,9.275,9.275,9.275,9.275,11.324,11.324,11.324,11.324,11.34,11.407,11.424,11.095,11.169,11.324,11.324,11.324,11.324,11.152,11.078,12.0,12.45,13.42,12.987,9.611,9.611,9.611,9.3,9.3,10.109,10.109,10.109
TRP76,24.923,25.103,24.974,23.665,23.626,23.116,23.093,22.889,23.116,22.889,22.889,23.093,22.199,32.203,32.39,32.131,32.463,33.451,33.178,33.1,42.599,99.175,99.175,99.175,,53.333,53.333,53.333,54.405,46.834,9.93,9.452,8.241,8.766,8.227,8.227,8.234,8.241,8.227,12.401,9.502,8.353,8.32,6.806,8.353,7.394,7.394,7.394,7.394,7.394,7.394,7.394,7.394,7.394,7.394,7.394,7.394,7.394,6.583,9.489,9.37,5.18,5.185,5.894,5.944,5.944,5.944,5.944,5.944,4.562,6.38,6.436,6.902,6.902,0.0,9.275,9.275,9.275,9.275,9.275,9.275,9.275,9.275,9.275,11.292,11.292,11.292,11.292,11.308,11.375,11.392,11.062,11.136,11.292,11.292,11.292,11.292,11.119,11.045,11.972,12.398,13.377,12.939,9.611,9.611,9.611,9.366,9.366,10.175,10.175,10.175
TRP17,30.698,30.698,30.698,31.425,31.341,28.756,28.719,28.719,28.756,28.719,28.719,28.719,27.979,34.659,34.375,34.801,34.233,35.556,36.0,36.148,48.78,53.083,53.083,53.083,53.333,,100.0,100.0,100.0,97.984,13.037,11.191,8.214,8.711,8.67,8.67,8.67,8.68,8.67,14.706,12.543,11.608,11.608,0.0,8.082,7.482,7.482,7.482,7.482,7.482,7.482,7.482,7.482,7.482,7.482,7.482,7.482,7.482,1.493,9.842,9.685,4.022,4.167,4.795,4.438,4.438,4.438,4.438,4.438,2.513,5.46,5.952,6.083,6.083,0.0,8.108,8.108,8.108,8.108,8.108,8.108,8.108,8.108,8.108,13.161,13.161,13.161,13.161,13.191,13.197,13.227,12.19,12.201,13.161,13.161,13.161,13.161,12.173,12.162,13.425,11.928,12.716,12.284,11.311,11.311,11.311,10.638,10.638,12.323,12.323,12.323
TRP18,30.698,30.698,30.698,31.425,31.341,28.756,28.719,28.719,28.756,28.719,28.719,28.719,27.979,34.659,34.375,34.801,34.233,35.556,36.0,36.148,48.78,53.083,53.083,53.083,53.333,100.0,,100.0,100.0,97.984,13.037,11.191,8.214,8.711,8.67,8.67,8.67,8.68,8.67,14.706,12.543,11.608,11.608,0.0,8.082,7.482,7.482,7.482,7.482,7.482,7.482,7.482,7.482,7.482,7.482,7.482,7.482,7.482,1.493,9.842,9.685,4.022,4.167,4.795,4.438,4.438,4.438,4.438,4.438,2.513,5.46,5.952,6.083,6.083,0.0,8.108,8.108,8.108,8.108,8.108,8.108,8.108,8.108,8.108,13.161,13.161,13.161,13.161,13.191,13.197,13.227,12.19,12.201,13.161,13.161,13.161,13.161,12.173,12.162,13.425,11.928,12.716,12.284,11.311,11.311,11.311,10.638,10.638,12.323,12.323,12.323
TRP19,30.698,30.698,30.698,31.425,31.341,28.756,28.719,28.719,28.756,28.719,28.719,28.719,27.979,34.659,34.375,34.801,34.233,35.556,36.0,36.148,48.78,53.083,53.083,53.083,53.333,100.0,100.0,,100.0,97.984,13.037,11.191,8.214,8.711,8.67,8.67,8.67,8.68,8.67,14.706,12.543,11.608,11.608,0.0,8.082,7.482,7.482,7.482,7.482,7.482,7.482,7.482,7.482,7.482,7.482,7.482,7.482,7.482,1.493,9.842,9.685,4.022,4.167,4.795,4.438,4.438,4.438,4.438,4.438,2.513,5.46,5.952,6.083,6.083,0.0,8.108,8.108,8.108,8.108,8.108,8.108,8.108,8.108,8.108,13.161,13.161,13.161,13.161,13.191,13.197,13.227,12.19,12.201,13.161,13.161,13.161,13.161,12.173,12.162,13.425,11.928,12.716,12.284,11.311,11.311,11.311,10.638,10.638,12.323,12.323,12.323
TRP14,31.233,31.233,31.233,32.329,32.24,29.249,29.211,29.211,29.249,29.211,29.211,29.211,28.474,35.311,35.022,35.456,34.877,36.254,36.707,36.858,49.561,54.141,54.141,54.141,54.405,100.0,100.0,100.0,,99.842,13.277,11.404,8.343,8.848,8.806,8.806,8.806,8.816,8.806,15.076,12.875,11.794,11.794,0.0,8.252,7.585,7.585,7.585,7.585,7.585,7.585,7.585,7.585,7.585,7.585,7.585,7.585,7.585,1.852,9.989,9.829,4.096,4.243,4.881,4.52,4.52,4.52,4.52,4.52,2.557,5.537,6.037,6.169,6.169,0.0,8.224,8.224,8.224,8.224,8.224,8.224,8.224,8.224,8.224,13.464,13.464,13.464,13.464,13.495,13.504,13.536,12.471,12.485,13.464,13.464,13.464,13.464,12.456,12.442,13.687,11.928,12.716,12.284,11.558,11.558,11.558,10.814,10.814,12.554,12.554,12.554
TRP15,25.0,25.183,25.052,25.19,25.142,23.78,23.755,23.651,23.78,23.651,23.755,23.755,23.028,31.784,31.568,31.892,31.459,32.366,32.701,32.813,42.99,46.675,46.675,46.675,46.834,97.984,97.984,97.984,99.842,,10.667,9.896,8.372,8.201,8.357,8.357,8.123,8.131,8.357,13.648,11.693,10.935,10.887,11.058,9.287,7.912,7.912,7.912,7.912,7.912,7.912,7.912,7.912,7.912,7.912,7.912,7.912,7.912,8.163,10.381,10.259,6.626,6.735,6.289,5.827,5.827,5.827,5.827,5.827,4.253,6.308,6.701,6.795,6.795,20.0,8.744,8.744,8.744,8.744,8.744,8.744,8.744,8.744,8.744,12.013,12.013,12.013,12.013,12.033,12.029,12.049,11.31,11.311,12.013,12.013,12.013,12.013,11.293,11.292,12.5,11.928,12.716,12.284,10.434,10.434,10.434,9.827,9.827,11.299,11.299,11.299
TRP_brivido11,10.98,10.958,11.024,11.806,11.687,10.966,10.966,10.988,10.966,10.988,10.966,10.966,10.966,11.3,11.321,11.28,11.341,11.667,11.624,11.602,11.1,9.98,9.98,9.98,9.93,13.037,13.037,13.037,13.277,10.667,,36.299,12.173,12.978,14.257,14.257,13.968,13.982,14.257,16.378,18.801,14.2,14.286,10.646,11.844,9.991,9.991,9.991,9.991,9.991,9.991,9.991,9.991,9.991,9.991,9.991,9.991,9.991,12.121,10.886,11.079,7.955,8.058,7.541,8.057,8.057,8.057,8.057,8.057,7.533,9.647,9.953,9.953,9.953,26.19,11.142,11.142,11.142,11.142,11.142,11.142,11.142,11.142,11.142,14.709,14.709,14.709,14.709,14.75,14.753,14.794,15.071,15.23,14.709,14.709,14.709,14.709,15.186,15.028,14.98,16.667,18.351,17.819,11.942,11.942,11.942,13.758,13.758,13.071,13.071,13.071
TRP_pkd21,9.351,9.424,9.392,10.907,10.96,9.453,9.453,9.475,9.453,9.475,9.453,9.453,9.453,10.775,10.797,10.754,10.819,11.169,11.123,11.1,8.889,9.402,9.402,9.402,9.452,11.191,11.191,11.191,11.404,9.896,36.299,,13.386,13.58,13.58,13.58,13.596,13.611,13.58,15.854,15.355,14.461,14.556,11.458,10.049,9.708,9.708,9.708,9.708,9.708,9.708,9.708,9.708,9.708,9.708,9.708,9.708,9.708,9.028,9.473,9.15,7.442,7.326,6.725,6.936,6.936,6.936,6.936,6.936,6.79,9.777,10.01,10.01,10.01,0.0,10.168,10.168,10.168,10.168,10.168,10.168,10.168,10.168,10.168,14.093,14.093,14.093,14.093,14.137,14.136,14.181,14.483,14.655,14.093,14.093,14.093,14.093,14.608,14.437,14.68,17.476,19.061,18.232,13.854,13.854,13.854,13.341,13.341,12.341,12.341,12.341
TRP13,8.077,8.117,8.095,8.27,8.208,7.948,7.944,7.953,7.935,7.939,7.892,7.93,8.249,9.848,9.878,9.848,9.878,10.117,10.085,10.085,9.117,8.193,8.193,8.193,8.241,8.214,8.214,8.214,8.343,8.372,12.173,13.386,,50.713,57.814,50.99,52.44,52.44,51.758,14.713,15.126,11.719,11.678,19.167,15.517,11.285,11.285,11.285,11.285,11.285,11.285,11.285,11.285,11.285,11.285,11.285,11.285,11.285,18.384,12.254,12.208,11.647,11.658,8.543,9.502,9.502,9.502,9.502,9.502,12.382,11.781,11.923,12.124,12.124,17.553,11.525,11.412,11.471,11.467,11.467,11.467,11.467,11.467,11.467,12.752,12.752,12.752,12.752,12.778,12.818,12.845,12.918,12.98,12.752,12.752,12.752,12.752,12.952,12.891,16.636,19.853,21.512,21.408,16.769,16.769,16.769,14.163,14.163,15.4,15.4,15.4
TRP12,7.179,7.216,7.196,7.559,7.444,7.625,7.621,7.63,7.67,7.674,7.554,7.666,7.904,10.162,10.192,10.162,10.192,10.431,10.399,10.399,8.372,8.714,8.714,8.714,8.766,8.711,8.711,8.711,8.848,8.201,12.978,13.58,50.713,,62.524,57.393,59.505,59.505,58.865,14.464,14.888,11.633,11.522,16.75,13.514,9.287,9.287,9.287,9.287,9.287,9.287,9.287,9.287,9.287,9.287,9.287,9.287,9.287,15.808,11.053,11.013,9.903,9.913,9.204,9.761,9.761,9.761,9.761,9.761,11.266,10.889,10.952,11.237,11.237,11.792,10.087,10.186,10.099,10.173,10.173,10.173,10.173,10.173,10.173,12.788,12.788,12.788,12.788,12.749,12.856,12.816,12.891,12.953,12.788,12.788,12.788,12.788,12.993,12.931,14.987,18.382,19.477,19.534,16.319,16.319,16.319,14.02,14.02,15.244,15.244,15.244
TRP9,7.727,7.772,7.747,8.128,8.059,7.677,7.672,7.682,7.662,7.667,7.601,7.657,8.006,10.167,10.197,10.167,10.197,10.432,10.401,10.401,7.918,8.179,8.179,8.179,8.227,8.67,8.67,8.67,8.806,8.357,14.257,13.58,57.814,62.524,,98.829,97.561,97.463,99.61,14.482,16.168,12.265,12.222,20.097,15.939,11.104,11.104,11.104,11.104,11.104,11.104,11.104,11.104,11.104,11.104,11.104,11.104,11.104,17.301,13.436,13.387,12.297,12.309,9.946,9.718,9.718,9.718,9.718,9.718,11.237,10.761,11.104,11.167,11.167,17.181,12.258,12.177,12.258,12.177,12.177,12.177,12.177,12.177,12.177,14.278,14.278,14.278,14.278,14.294,14.36,14.376,14.468,14.544,14.278,14.278,14.278,14.278,14.527,14.452,17.296,20.538,22.029,22.029,17.157,17.157,17.157,15.847,15.847,16.729,16.729,16.729
TRP11,7.583,7.624,7.601,8.175,8.11,7.88,7.875,7.885,7.866,7.871,7.81,7.861,8.194,10.167,10.197,10.167,10.197,10.432,10.401,10.401,7.904,8.179,8.179,8.179,8.227,8.67,8.67,8.67,8.806,8.357,14.257,13.58,50.99,57.393,98.829,,94.243,94.154,96.103,14.482,16.168,12.265,12.222,20.097,15.939,11.104,11.104,11.104,11.104,11.104,11.104,11.104,11.104,11.104,11.104,11.104,11.104,11.104,17.301,13.436,13.387,12.297,12.309,9.713,9.726,9.726,9.726,9.726,9.726,11.104,10.7,11.003,11.061,11.061,17.181,10.983,11.07,11.138,10.917,10.917,10.917,10.917,10.917,10.917,13.622,13.622,13.622,13.622,13.636,13.694,13.708,13.788,13.854,13.622,13.622,13.622,13.622,13.839,13.773,17.296,20.538,22.029,22.029,17.157,17.157,17.157,15.847,15.847,16.729,16.729,16.729
TRP7,7.247,7.286,7.264,7.723,7.662,7.416,7.412,7.421,7.403,7.407,7.348,7.399,7.697,9.884,9.913,9.884,9.913,10.142,10.112,10.112,7.947,8.186,8.186,8.186,8.234,8.67,8.67,8.67,8.806,8.123,13.968,13.596,52.44,59.505,97.561,94.243,,99.91,98.14,14.357,15.435,11.785,11.744,18.886,15.371,10.765,10.765,10.765,10.765,10.765,10.765,10.765,10.765,10.765,10.765,10.765,10.765,10.765,16.376,12.813,12.766,11.77,11.782,9.242,9.406,9.406,9.406,9.406,9.406,11.711,11.217,11.532,11.577,11.577,16.143,11.057,10.942,11.009,10.99,10.99,10.99,10.99,10.99,10.99,13.854,13.854,13.854,13.854,13.869,13.927,13.941,14.022,14.089,13.854,13.854,13.854,13.854,14.074,14.007,16.681,20.538,22.029,22.029,16.585,16.585,16.585,15.434,15.434,16.102,16.102,16.102
TRP8,7.251,7.29,7.268,7.727,7.666,7.421,7.416,7.425,7.407,7.412,7.352,7.403,7.702,9.891,9.92,9.891,9.92,10.149,10.119,10.119,7.952,8.193,8.193,8.193,8.241,8.68,8.68,8.68,8.816,8.131,13.982,13.611,52.44,59.505,97.463,94.154,99.91,,98.051,14.357,15.435,11.785,11.744,18.886,15.371,10.765,10.765,10.765,10.765,10.765,10.765,10.765,10.765,10.765,10.765,10.765,10.765,10.765,16.376,12.822,12.775,11.782,11.793,9.249,9.413,9.413,9.413,9.413,9.413,11.718,11.217,11.532,11.577,11.577,16.143,11.064,10.949,11.016,10.997,10.997,10.997,10.997,10.997,10.997,13.861,13.861,13.861,13.861,13.876,13.934,13.949,14.03,14.096,13.861,13.861,13.861,13.861,14.082,14.015,16.681,20.538,22.029,22.029,16.605,16.605,16.605,15.342,15.342,16.102,16.102,16.102
TRP10,7.652,7.692,7.67,8.061,7.998,7.711,7.706,7.715,7.697,7.701,7.642,7.692,8.008,10.167,10.197,10.167,10.197,10.432,10.401,10.401,7.942,8.179,8.179,8.179,8.227,8.67,8.67,8.67,8.806,8.357,14.257,13.58,51.758,58.865,99.61,96.103,98.14,98.051,,14.482,16.168,12.265,12.222,20.097,15.939,11.104,11.104,11.104,11.104,11.104,11.104,11.104,11.104,11.104,11.104,11.104,11.104,11.104,17.301,13.436,13.387,12.297,12.309,9.719,9.732,9.732,9.732,9.732,9.732,12.073,11.528,11.849,11.886,11.886,17.181,11.515,11.401,11.47,11.446,11.446,11.446,11.446,11.446,11.446,14.271,14.271,14.271,14.271,14.286,14.346,14.361,14.444,14.513,14.271,14.271,14.271,14.271,14.497,14.429,17.296,20.538,22.029,22.029,17.157,17.157,17.157,15.847,15.847,16.729,16.729,16.729
TRP6,9.296,9.346,9.309,12.727,12.836,12.351,12.351,12.218,12.351,12.218,12.351,12.351,12.351,13.747,13.35,13.714,13.382,13.906,14.286,14.25,14.621,12.401,12.401,12.401,12.401,14.706,14.706,14.706,15.076,13.648,16.378,15.854,14.713,14.464,14.482,14.482,14.357,14.357,14.482,,14.932,12.656,12.881,19.186,13.104,10.569,10.569,10.569,10.569,10.569,10.569,10.569,10.569,10.569,10.569,10.569,10.569,10.569,15.506,11.402,11.402,9.161,9.161,9.504,10.207,10.207,10.207,10.207,10.207,9.854,11.199,11.895,11.895,11.895,0.0,13.7,13.7,13.7,13.7,13.7,13.7,13.7,13.7,13.7,19.577,19.577,19.577,19.577,19.577,19.681,19.681,18.7,18.775,19.577,19.577,19.577,19.577,18.775,18.7,16.624,19.691,23.423,23.423,13.009,13.009,13.009,15.094,15.094,14.598,14.598,14.598
TRP5,8.783,8.748,8.815,10.256,10.316,8.226,8.226,8.241,8.303,8.318,8.303,8.303,8.303,11.582,11.401,11.564,11.419,11.715,11.883,11.863,10.167,9.502,9.502,9.502,9.502,12.543,12.543,12.543,12.875,11.693,18.801,15.355,15.126,14.888,16.168,16.168,15.435,15.435,16.168,14.932,,43.493,43.345,18.66,14.616,13.708,13.708,13.708,13.708,13.708,13.708,13.708,13.708,13.708,13.708,13.708,13.708,13.708,17.782,15.057,15.057,14.257,14.257,14.165,13.525,13.525,13.525,13.525,13.525,11.711,12.608,12.981,12.981,12.981,22.685,13.514,13.514,13.514,13.514,13.514,13.514,13.514,13.514,13.514,18.498,18.498,18.498,18.498,18.498,18.132,18.132,18.19,17.913,18.498,18.498,18.498,18.498,17.913,18.19,19.242,26.599,29.615,28.846,15.535,15.535,15.535,16.106,16.106,16.855,16.855,16.855
TRP27,7.942,7.912,7.963,8.385,8.611,7.355,7.35,7.36,7.412,7.417,7.34,7.407,6.844,9.957,9.878,9.943,9.892,10.117,10.183,10.168,11.267,8.32,8.32,8.32,8.353,11.608,11.608,11.608,11.794,10.935,14.2,14.461,11.719,11.633,12.265,12.265,11.785,11.785,12.265,12.656,43.493,,99.365,18.81,14.579,11.66,11.66,11.66,11.66,11.66,11.66,11.66,11.66,11.66,11.66,11.66,11.66,11.66,17.266,13.788,14.006,11.68,11.691,12.022,11.289,11.289,11.289,11.289,11.289,8.644,13.256,13.617,13.732,13.732,14.035,14.179,14.179,14.179,14.179,14.179,14.179,14.179,14.179,14.179,15.304,15.304,15.304,15.304,15.243,15.408,15.347,15.308,15.414,15.304,15.304,15.304,15.304,15.476,15.37,15.938,16.807,17.768,17.701,15.865,15.865,15.865,13.196,13.196,16.777,16.777,16.777
TRP34,7.916,7.886,7.937,8.359,8.584,7.33,7.325,7.335,7.388,7.392,7.315,7.383,6.82,9.921,9.843,9.907,9.857,10.08,10.146,10.131,11.223,8.287,8.287,8.287,8.32,11.608,11.608,11.608,11.794,10.887,14.286,14.556,11.678,11.522,12.222,12.222,11.744,11.744,12.222,12.881,43.345,99.365,,18.588,14.512,11.703,11.703,11.703,11.703,11.703,11.703,11.703,11.703,11.703,11.703,11.703,11.703,11.703,17.291,13.738,13.955,11.628,11.638,12.054,11.324,11.324,11.324,11.324,11.324,8.612,13.211,13.57,13.686,13.686,14.035,14.13,14.13,14.13,14.13,14.13,14.13,14.13,14.13,14.13,15.304,15.304,15.304,15.304,15.243,15.408,15.347,15.308,15.414,15.304,15.304,15.304,15.304,15.476,15.37,15.938,16.807,17.768,17.701,15.771,15.771,15.771,13.14,13.14,16.698,16.698,16.698
TRP_nompC1,6.357,6.5,6.42,7.787,7.787,5.959,5.959,5.99,5.897,5.928,5.897,5.897,5.897,13.867,13.867,13.867,13.867,13.867,13.867,13.867,7.784,6.806,6.806,6.806,6.806,0.0,0.0,0.0,0.0,11.058,10.646,11.458,19.167,16.75,20.097,20.097,18.886,18.886,20.097,19.186,18.66,18.81,18.588,,30.332,28.983,28.748,28.748,28.748,28.748,28.748,28.748,28.748,28.748,28.748,28.748,30.698,30.698,21.729,22.953,22.953,25.991,25.991,20.792,21.636,21.636,21.636,21.636,21.636,22.428,22.428,22.428,22.175,22.428,27.708,21.184,21.184,21.184,24.415,22.307,25.133,21.184,21.184,25.878,14.377,14.377,14.377,14.124,14.388,14.388,14.388,14.388,14.388,14.388,14.388,14.388,14.388,14.388,14.388,22.659,0.0,0.0,0.0,16.594,16.594,16.594,21.753,22.039,22.443,22.443,22.477
TRP89,6.966,7.024,6.992,8.987,9.039,7.493,7.493,7.507,7.472,7.486,7.472,7.472,7.472,12.179,12.197,12.162,12.214,12.5,12.464,12.445,8.561,8.353,8.353,8.353,8.353,8.082,8.082,8.082,8.252,9.287,11.844,10.049,15.517,13.514,15.939,15.939,15.371,15.371,15.939,13.104,14.616,14.579,14.512,30.332,,20.172,20.297,20.297,20.297,20.297,20.297,20.297,20.297,20.297,20.297,20.297,20.19,20.19,28.906,26.994,26.994,23.869,23.947,20.714,20.684,20.684,20.684,20.684,20.684,22.697,23.997,23.268,23.268,23.268,27.907,19.114,19.114,19.114,19.166,18.466,19.424,19.114,19.114,19.479,14.21,14.21,14.21,14.21,14.219,14.011,14.02,14.353,14.152,14.21,14.21,14.21,14.21,14.142,14.343,19.776,11.145,12.542,12.203,11.479,11.479,11.479,17.26,17.289,18.015,18.015,17.807
TRP79,7.001,7.039,7.018,7.147,7.387,7.035,7.035,7.043,7.018,7.026,7.035,7.018,5.864,9.988,10.0,9.975,10.013,10.217,10.191,10.178,9.909,7.468,7.468,7.468,7.394,7.482,7.482,7.482,7.585,7.912,9.991,9.708,11.285,9.287,11.104,11.104,10.765,10.765,11.104,10.569,13.708,11.66,11.703,28.983,20.172,,98.897,98.897,98.897,98.897,98.897,98.897,98.897,98.897,98.897,98.897,100.0,100.0,25.326,22.175,22.386,19.286,19.201,14.807,15.154,15.154,15.154,15.154,15.154,16.328,22.208,21.176,22.229,22.229,31.731,18.615,18.615,18.615,18.615,18.615,18.615,18.615,18.615,18.615,14.668,14.668,14.668,14.668,14.622,14.4,14.355,14.602,14.386,14.668,14.668,14.668,14.668,14.432,14.649,16.802,9.714,10.062,9.856,10.514,10.514,10.514,15.556,15.556,15.323,15.323,15.323
TRP62,7.001,7.039,7.018,7.147,7.387,7.035,7.035,7.043,7.018,7.026,7.035,7.018,5.864,9.988,10.0,9.975,10.013,10.217,10.191,10.178,9.909,7.468,7.468,7.468,7.394,7.482,7.482,7.482,7.585,7.912,9.991,9.708,11.285,9.287,11.104,11.104,10.765,10.765,11.104,10.569,13.708,11.66,11.703,28.748,20.297,98.897,,100.0,100.0,100.0,100.0,100.0,100.0,100.0,100.0,100.0,100.0,100.0,25.474,22.554,22.758,19.444,19.363,15.132,15.34,15.34,15.34,15.34,15.34,16.667,22.366,21.363,22.384,22.384,30.919,18.99,18.99,18.99,18.99,18.99,18.99,18.99,18.99,18.99,14.368,14.368,14.368,14.368,14.323,14.107,14.062,14.301,14.09,14.368,14.368,14.368,14.368,14.135,14.346,16.892,9.714,10.062,9.856,10.514,10.514,10.514,15.462,15.462,14.935,14.935,14.935
TRP63,7.001,7.039,7.018,7.147,7.387,7.035,7.035,7.043,7.018,7.026,7.035,7.018,5.864,9.988,10.0,9.975,10.013,10.217,10.191,10.178,9.909,7.468,7.468,7.468,7.394,7.482,7.482,7.482,7.585,7.912,9.991,9.708,11.285,9.287,11.104,11.104,10.765,10.765,11.104,10.569,13.708,11.66,11.703,28.748,20.297,98.897,100.0,,100.0,100.0,100.0,100.0,100.0,100.0,100.0,100.0,100.0,100.0,25.474,22.554,22.758,19.444,19.363,15.132,15.34,15.34,15.34,15.34,15.34,16.667,22.366,21.363,22.384,22.384,30.919,18.99,18.99,18.99,18.99,18.99,18.99,18.99,18.99,18.99,14.368,14.368,14.368,14.368,14.323,14.107,14.062,14.301,14.09,14.368,14.368,14.368,14.368,14.135,14.346,16.892,9.714,10.062,9.856,10.514,10.514,10.514,15.462,15.462,14.935,14.935,14.935
TRP64,7.001,7.039,7.018,7.147,7.387,7.035,7.035,7.043,7.018,7.026,7.035,7.018,5.864,9.988,10.0,9.975,10.013,10.217,10.191,10.178,9.909,7.468,7.468,7.468,7.394,7.482,7.482,7.482,7.585,7.912,9.991,9.708,11.285,9.287,11.104,11.104,10.765,10.765,11.104,10.569,13.708,11.66,11.703,28.748,20.297,98.897,100.0,100.0,,100.0,100.0,100.0,100.0,100.0,100.0,100.0,100.0,100.0,25.474,22.554,22.758,19.444,19.363,15.132,15.34,15.34,15.34,15.34,15.34,16.667,22.366,21.363,22.384,22.384,30.919,18.99,18.99,18.99,18.99,18.99,18.99,18.99,18.99,18.99,14.368,14.368,14.368,14.368,14.323,14.107,14.062,14.301,14.09,14.368,14.368,14.368,14.368,14.135,14.346,16.892,9.714,10.062,9.856,10.514,10.514,10.514,15.462,15.462,14.935,14.935,14.935
TRP65,7.001,7.039,7.018,7.147,7.387,7.035,7.035,7.043,7.018,7.026,7.035,7.018,5.864,9.988,10.0,9.975,10.013,10.217,10.191,10.178,9.909,7.468,7.468,7.468,7.394,7.482,7.482,7.482,7.585,7.912,9.991,9.708,11.285,9.287,11.104,11.104,10.765,10.765,11.104,10.569,13.708,11.66,11.703,28.748,20.297,98.897,100.0,100.0,100.0,,100.0,100.0,100.0,100.0,100.0,100.0,100.0,100.0,25.474,22.554,22.758,19.444,19.363,15.132,15.34,15.34,15.34,15.34,15.34,16.667,22.366,21.363,22.384,22.384,30.919,18.99,18.99,18.99,18.99,18.99,18.99,18.99,18.99,18.99,14.368,14.368,14.368,14.368,14.323,14.107,14.062,14.301,14.09,14.368,14.368,14.368,14.368,14.135,14.346,16.892,9.714,10.062,9.856,10.514,10.514,10.514,15.462,15.462,14.935,14.935,14.935
TRP66,7.001,7.039,7.018,7.147,7.387,7.035,7.035,7.043,7.018,7.026,7.035,7.018,5.864,9.988,10.0,9.975,10.013,10.217,10.191,10.178,9.909,7.468,7.468,7.468,7.394,7.482,7.482,7.482,7.585,7.912,9.991,9.708,11.285,9.287,11.104,11.104,10.765,10.765,11.104,10.569,13.708,11.66,11.703,28.748,20.297,98.897,100.0,100.0,100.0,100.0,,100.0,100.0,100.0,100.0,100.0,100.0,100.0,25.474,22.554,22.758,19.444,19.363,15.132,15.34,15.34,15.34,15.34,15.34,16.667,22.366,21.363,22.384,22.384,30.919,18.99,18.99,18.99,18.99,18.99,18.99,18.99,18.99,18.99,14.368,14.368,14.368,14.368,14.323,14.107,14.062,14.301,14.09,14.368,14.368,14.368,14.368,14.135,14.346,16.892,9.714,10.062,9.856,10.514,10.514,10.514,15.462,15.462,14.935,14.935,14.935
TRP67,7.001,7.039,7.018,7.147,7.387,7.035,7.035,7.043,7.018,7.026,7.035,7.018,5.864,9.988,10.0,9.975,10.013,10.217,10.191,10.178,9.909,7.468,7.468,7.468,7.394,7.482,7.482,7.482,7.585,7.912,9.991,9.708,11.285,9.287,11.104,11.104,10.765,10.765,11.104,10.569,13.708,11.66,11.703,28.748,20.297,98.897,100.0,100.0,100.0,100.0,100.0,,100.0,100.0,100.0,100.0,100.0,100.0,25.474,22.554,22.758,19.444,19.363,15.132,15.34,15.34,15.34,15.34,15.34,16.667,22.366,21.363,22.384,22.384,30.919,18.99,18.99,18.99,18.99,18.99,18.99,18.99,18.99,18.99,14.368,14.368,14.368,14.368,14.323,14.107,14.062,14.301,14.09,14.368,14.368,14.368,14.368,14.135,14.346,16.892,9.714,10.062,9.856,10.514,10.514,10.514,15.462,15.462,14.935,14.935,14.935
TRP68,7.001,7.039,7.018,7.147,7.387,7.035,7.035,7.043,7.018,7.026,7.035,7.018,5.864,9.988,10.0,9.975,10.013,10.217,10.191,10.178,9.909,7.468,7.468,7.468,7.394,7.482,7.482,7.482,7.585,7.912,9.991,9.708,11.285,9.287,11.104,11.104,10.765,10.765,11.104,10.569,13.708,11.66,11.703,28.748,20.297,98.897,100.0,100.0,100.0,100.0,100.0,100.0,,100.0,100.0,100.0,100.0,100.0,25.474,22.554,22.758,19.444,19.363,15.132,15.34,15.34,15.34,15.34,15.34,16.667,22.366,21.363,22.384,22.384,30.919,18.99,18.99,18.99,18.99,18.99,18.99,18.99,18.99,18.99,14.368,14.368,14.368,14.368,14.323,14.107,14.062,14.301,14.09,14.368,14.368,14.368,14.368,14.135,14.346,16.892,9.714,10.062,9.856,10.514,10.514,10.514,15.462,15.462,14.935,14.935,14.935
TRP69,7.001,7.039,7.018,7.147,7.387,7.035,7.035,7.043,7.018,7.026,7.035,7.018,5.864,9.988,10.0,9.975,10.013,10.217,10.191,10.178,9.909,7.468,7.468,7.468,7.394,7.482,7.482,7.482,7.585,7.912,9.991,9.708,11.285,9.287,11.104,11.104,10.765,10.765,11.104,10.569,13.708,11.66,11.703,28.748,20.297,98.897,100.0,100.0,100.0,100.0,100.0,100.0,100.0,,100.0,100.0,100.0,100.0,25.474,22.554,22.758,19.444,19.363,15.132,15.34,15.34,15.34,15.34,15.34,16.667,22.366,21.363,22.384,22.384,30.919,18.99,18.99,18.99,18.99,18.99,18.99,18.99,18.99,18.99,14.368,14.368,14.368,14.368,14.323,14.107,14.062,14.301,14.09,14.368,14.368,14.368,14.368,14.135,14.346,16.892,9.714,10.062,9.856,10.514,10.514,10.514,15.462,15.462,14.935,14.935,14.935
TRP70,7.001,7.039,7.018,7.147,7.387,7.035,7.035,7.043,7.018,7.026,7.035,7.018,5.864,9.988,10.0,9.975,10.013,10.217,10.191,10.178,9.909,7.468,7.468,7.468,7.394,7.482,7.482,7.482,7.585,7.912,9.991,9.708,11.285,9.287,11.104,11.104,10.765,10.765,11.104,10.569,13.708,11.66,11.703,28.748,20.297,98.897,100.0,100.0,100.0,100.0,100.0,100.0,100.0,100.0,,100.0,100.0,100.0,25.474,22.554,22.758,19.444,19.363,15.132,15.34,15.34,15.34,15.34,15.34,16.667,22.366,21.363,22.384,22.384,30.919,18.99,18.99,18.99,18.99,18.99,18.99,18.99,18.99,18.99,14.368,14.368,14.368,14.368,14.323,14.107,14.062,14.301,14.09,14.368,14.368,14.368,14.368,14.135,14.346,16.892,9.714,10.062,9.856,10.514,10.514,10.514,15.462,15.462,14.935,14.935,14.935
TRP71,7.001,7.039,7.018,7.147,7.387,7.035,7.035,7.043,7.018,7.026,7.035,7.018,5.864,9.988,10.0,9.975,10.013,10.217,10.191,10.178,9.909,7.468,7.468,7.468,7.394,7.482,7.482,7.482,7.585,7.912,9.991,9.708,11.285,9.287,11.104,11.104,10.765,10.765,11.104,10.569,13.708,11.66,11.703,28.748,20.297,98.897,100.0,100.0,100.0,100.0,100.0,100.0,100.0,100.0,100.0,,100.0,100.0,25.474,22.554,22.758,19.444,19.363,15.132,15.34,15.34,15.34,15.34,15.34,16.667,22.366,21.363,22.384,22.384,30.919,18.99,18.99,18.99,18.99,18.99,18.99,18.99,18.99,18.99,14.368,14.368,14.368,14.368,14.323,14.107,14.062,14.301,14.09,14.368,14.368,14.368,14.368,14.135,14.346,16.892,9.714,10.062,9.856,10.514,10.514,10.514,15.462,15.462,14.935,14.935,14.935
TRP80,7.001,7.039,7.018,7.147,7.387,7.035,7.035,7.043,7.018,7.026,7.035,7.018,5.864,9.954,9.967,9.942,9.98,10.193,10.166,10.153,9.909,7.468,7.468,7.468,7.394,7.482,7.482,7.482,7.585,7.912,9.991,9.708,11.285,9.287,11.104,11.104,10.765,10.765,11.104,10.569,13.708,11.66,11.703,30.698,20.19,100.0,100.0,100.0,100.0,100.0,100.0,100.0,100.0,100.0,100.0,100.0,,100.0,25.876,21.53,21.755,19.434,19.343,14.656,15.092,15.092,15.092,15.092,15.092,16.332,22.527,21.438,22.544,22.544,38.793,18.738,18.738,18.738,18.738,18.738,18.738,18.738,18.738,18.738,15.037,15.037,15.037,15.037,14.989,14.754,14.706,14.971,14.743,15.037,15.037,15.037,15.037,14.792,15.02,16.495,9.714,10.062,9.856,10.514,10.514,10.514,15.719,15.719,15.73,15.73,15.73
TRP84,7.001,7.039,7.018,7.147,7.387,7.035,7.035,7.043,7.018,7.026,7.035,7.018,5.864,9.954,9.967,9.942,9.98,10.193,10.166,10.153,9.909,7.468,7.468,7.468,7.394,7.482,7.482,7.482,7.585,7.912,9.991,9.708,11.285,9.287,11.104,11.104,10.765,10.765,11.104,10.569,13.708,11.66,11.703,30.698,20.19,100.0,100.0,100.0,100.0,100.0,100.0,100.0,100.0,100.0,100.0,100.0,100.0,,25.876,21.53,21.755,19.434,19.343,14.656,15.092,15.092,15.092,15.092,15.092,16.332,22.527,21.438,22.544,22.544,38.793,18.738,18.738,18.738,18.738,18.738,18.738,18.738,18.738,18.738,15.037,15.037,15.037,15.037,14.989,14.754,14.706,14.971,14.743,15.037,15.037,15.037,15.037,14.792,15.02,16.495,9.714,10.062,9.856,10.514,10.514,10.514,15.719,15.719,15.73,15.73,15.73
TRP37,6.341,6.446,6.387,10.314,10.314,7.266,7.266,7.294,7.224,7.252,7.224,7.224,7.224,14.107,14.178,14.107,14.178,14.178,14.107,14.107,5.882,6.583,6.583,6.583,6.583,1.493,1.493,1.493,1.852,8.163,12.121,9.028,18.384,15.808,17.301,17.301,16.376,16.376,17.301,15.506,17.782,17.266,17.291,21.729,28.906,25.326,25.474,25.474,25.474,25.474,25.474,25.474,25.474,25.474,25.474,25.474,25.876,25.876,,23.38,23.38,24.122,24.122,23.485,23.737,23.737,23.737,23.737,23.737,21.094,21.094,21.094,20.843,21.094,24.4,20.989,20.989,20.989,22.057,21.127,22.351,20.989,20.989,22.758,12.444,12.444,12.444,12.273,12.586,12.586,12.586,12.841,12.841,12.586,12.586,12.586,12.586,12.841,12.841,22.212,0.0,0.0,0.0,12.064,12.064,12.064,18.074,18.367,19.448,19.448,18.894
TRP48,9.7,9.763,9.728,9.267,9.552,9.689,9.689,9.703,9.668,9.682,9.524,9.668,8.715,11.626,11.642,11.611,11.657,11.906,11.875,11.859,11.219,9.443,9.443,9.443,9.489,9.842,9.842,9.842,9.989,10.381,10.886,9.473,12.254,11.053,13.436,13.436,12.813,12.822,13.436,11.402,15.057,13.788,13.738,22.953,26.994,22.175,22.554,22.554,22.554,22.554,22.554,22.554,22.554,22.554,22.554,22.554,21.53,21.53,23.38,,98.845,23.394,23.394,23.216,22.904,22.904,22.904,22.904,22.904,20.69,24.697,24.442,25.171,25.328,38.082,20.737,20.737,20.737,21.204,20.841,21.526,20.737,20.737,21.537,13.416,13.416,13.416,13.464,13.425,13.545,13.501,13.47,13.54,13.469,13.469,13.469,13.469,13.585,13.515,18.244,10.612,11.53,11.086,11.845,11.845,11.845,16.022,15.76,16.51,16.51,16.45
TRP49,9.673,9.735,9.7,9.309,9.594,9.733,9.733,9.747,9.712,9.726,9.568,9.712,8.764,11.589,11.604,11.573,11.619,11.867,11.835,11.819,11.093,9.332,9.332,9.332,9.37,9.685,9.685,9.685,9.829,10.259,11.079,9.15,12.208,11.013,13.387,13.387,12.766,12.775,13.387,11.402,15.057,14.006,13.955,22.953,26.994,22.386,22.758,22.758,22.758,22.758,22.758,22.758,22.758,22.758,22.758,22.758,21.755,21.755,23.38,98.845,,23.333,23.333,23.149,22.896,22.896,22.896,22.896,22.896,20.632,24.908,24.655,25.381,25.539,38.082,20.924,20.924,20.924,21.405,21.036,21.73,20.924,20.924,21.745,13.381,13.381,13.381,13.429,13.391,13.511,13.466,13.436,13.505,13.435,13.435,13.435,13.435,13.55,13.48,18.249,10.707,11.623,11.184,11.845,11.845,11.845,15.896,15.634,16.379,16.379,16.319
TRP24,5.226,5.268,5.244,7.36,7.44,4.57,4.57,4.579,4.649,4.658,4.649,4.649,4.649,9.668,9.682,9.655,9.696,9.92,9.892,9.877,6.414,5.142,5.142,5.142,5.18,4.022,4.022,4.022,4.096,6.626,7.955,7.442,11.647,9.903,12.297,12.297,11.77,11.782,12.297,9.161,14.257,11.68,11.628,25.991,23.869,19.286,19.444,19.444,19.444,19.444,19.444,19.444,19.444,19.444,19.444,19.444,19.434,19.434,24.122,23.394,23.333,,99.901,25.694,26.278,26.278,26.278,26.278,26.278,28.345,26.421,27.076,26.715,27.076,47.634,23.975,23.975,23.975,24.696,24.347,25.022,23.975,23.975,25.365,10.431,10.431,10.431,10.349,10.478,10.523,10.549,10.445,10.51,10.452,10.452,10.452,10.452,10.484,10.419,18.293,8.521,9.091,9.218,11.995,11.995,11.995,15.378,15.397,15.457,15.457,15.312
TRP28,5.23,5.273,5.249,7.446,7.526,4.575,4.575,4.583,4.653,4.662,4.653,4.653,4.653,9.675,9.689,9.661,9.703,9.928,9.899,9.885,6.421,5.147,5.147,5.147,5.185,4.167,4.167,4.167,4.243,6.735,8.058,7.326,11.658,9.913,12.309,12.309,11.782,11.793,12.309,9.161,14.257,11.691,11.638,25.991,23.947,19.201,19.363,19.363,19.363,19.363,19.363,19.363,19.363,19.363,19.363,19.363,19.343,19.343,24.122,23.394,23.333,99.901,,25.712,26.297,26.297,26.297,26.297,26.297,28.276,26.36,27.016,26.655,27.016,47.634,23.896,23.896,23.896,24.609,24.263,24.933,23.896,23.896,25.274,10.493,10.493,10.493,10.41,10.539,10.585,10.611,10.507,10.572,10.513,10.513,10.513,10.513,10.546,10.481,18.305,8.521,9.091,9.218,12.01,12.01,12.01,15.391,15.41,15.47,15.47,15.324
TRP23,4.864,4.892,4.876,6.285,6.354,5.489,5.485,5.492,5.478,5.481,5.474,5.474,5.497,8.891,8.904,8.877,8.917,9.125,9.098,9.084,5.409,5.86,5.86,5.86,5.894,4.795,4.795,4.795,4.881,6.289,7.541,6.725,8.543,9.204,9.946,9.713,9.242,9.249,9.719,9.504,14.165,12.022,12.054,20.792,20.714,14.807,15.132,15.132,15.132,15.132,15.132,15.132,15.132,15.132,15.132,15.132,14.656,14.656,23.485,23.216,23.149,25.694,25.712,,73.934,73.934,73.934,73.934,73.934,22.235,20.029,20.431,19.805,20.146,48.675,21.056,20.652,20.778,21.369,20.805,21.194,20.989,20.989,21.267,9.843,9.843,9.843,9.81,9.821,9.853,9.872,9.928,9.981,9.802,9.802,9.802,9.802,9.962,9.909,16.252,5.985,7.459,7.563,9.788,9.788,9.788,16.779,16.299,15.896,15.896,15.404
TRP53,5.024,5.051,5.036,5.723,5.729,5.348,5.345,5.352,5.338,5.342,5.335,5.335,5.414,8.13,8.142,8.118,8.154,8.346,8.321,8.308,8.185,5.91,5.91,5.91,5.944,4.438,4.438,4.438,4.52,5.827,8.057,6.936,9.502,9.761,9.718,9.726,9.406,9.413,9.732,10.207,13.525,11.289,11.324,21.636,20.684,15.154,15.34,15.34,15.34,15.34,15.34,15.34,15.34,15.34,15.34,15.34,15.092,15.092,23.737,22.904,22.896,26.278,26.297,73.934,,100.0,100.0,85.268,92.121,24.058,22.37,22.845,22.373,22.559,46.026,20.819,20.447,20.562,20.915,20.406,20.688,20.703,20.703,20.808,9.837,9.837,9.837,9.805,9.815,9.847,9.865,9.92,9.972,9.797,9.797,9.797,9.797,9.953,9.902,16.122,6.345,8.169,8.286,9.079,9.079,9.079,16.2,15.713,15.398,15.398,14.987
TRP54,5.024,5.051,5.036,5.723,5.729,5.348,5.345,5.352,5.338,5.342,5.335,5.335,5.414,8.13,8.142,8.118,8.154,8.346,8.321,8.308,8.185,5.91,5.91,5.91,5.944,4.438,4.438,4.438,4.52,5.827,8.057,6.936,9.502,9.761,9.718,9.726,9.406,9.413,9.732,10.207,13.525,11.289,11.324,21.636,20.684,15.154,15.34,15.34,15.34,15.34,15.34,15.34,15.34,15.34,15.34,15.34,15.092,15.092,23.737,22.904,22.896,26.278,26.297,73.934,100.0,,100.0,85.268,92.121,24.058,22.37,22.845,22.373,22.559,46.026,20.819,20.447,20.562,20.915,20.406,20.688,20.703,20.703,20.808,9.837,9.837,9.837,9.805,9.815,9.847,9.865,9.92,9.972,9.797,9.797,9.797,9.797,9.953,9.902,16.122,6.345,8.169,8.286,9.079,9.079,9.079,16.2,15.713,15.398,15.398,14.987
TRP55,5.024,5.051,5.036,5.723,5.729,5.348,5.345,5.352,5.338,5.342,5.335,5.335,5.414,8.13,8.142,8.118,8.154,8.346,8.321,8.308,8.185,5.91,5.91,5.91,5.944,4.438,4.438,4.438,4.52,5.827,8.057,6.936,9.502,9.761,9.718,9.726,9.406,9.413,9.732,10.207,13.525,11.289,11.324,21.636,20.684,15.154,15.34,15.34,15.34,15.34,15.34,15.34,15.34,15.34,15.34,15.34,15.092,15.092,23.737,22.904,22.896,26.278,26.297,73.934,100.0,100.0,,85.268,92.121,24.058,22.37,22.845,22.373,22.559,46.026,20.819,20.447,20.562,20.915,20.406,20.688,20.703,20.703,20.808,9.837,9.837,9.837,9.805,9.815,9.847,9.865,9.92,9.972,9.797,9.797,9.797,9.797,9.953,9.902,16.122,6.345,8.169,8.286,9.079,9.079,9.079,16.2,15.713,15.398,15.398,14.987
TRP50,5.024,5.051,5.036,5.723,5.729,5.348,5.345,5.352,5.338,5.342,5.335,5.335,5.414,8.13,8.142,8.118,8.154,8.346,8.321,8.308,8.185,5.91,5.91,5.91,5.944,4.438,4.438,4.438,4.52,5.827,8.057,6.936,9.502,9.761,9.718,9.726,9.406,9.413,9.732,10.207,13.525,11.289,11.324,21.636,20.684,15.154,15.34,15.34,15.34,15.34,15.34,15.34,15.34,15.34,15.34,15.34,15.092,15.092,23.737,22.904,22.896,26.278,26.297,73.934,85.268,85.268,85.268,,92.514,20.636,19.262,19.696,19.277,19.464,46.026,20.819,20.447,20.562,20.915,20.406,20.688,20.703,20.703,20.808,9.837,9.837,9.837,9.805,9.815,9.847,9.865,9.92,9.972,9.797,9.797,9.797,9.797,9.953,9.902,16.122,6.345,8.169,8.286,9.079,9.079,9.079,16.2,15.713,15.398,15.398,14.987
TRP52,5.024,5.051,5.036,5.723,5.729,5.348,5.345,5.352,5.338,5.342,5.335,5.335,5.414,8.13,8.142,8.118,8.154,8.346,8.321,8.308,8.185,5.91,5.91,5.91,5.944,4.438,4.438,4.438,4.52,5.827,8.057,6.936,9.502,9.761,9.718,9.726,9.406,9.413,9.732,10.207,13.525,11.289,11.324,21.636,20.684,15.154,15.34,15.34,15.34,15.34,15.34,15.34,15.34,15.34,15.34,15.34,15.092,15.092,23.737,22.904,22.896,26.278,26.297,73.934,92.121,92.121,92.121,92.514,,22.261,20.732,21.186,20.741,20.928,46.026,20.819,20.447,20.562,20.915,20.406,20.688,20.703,20.703,20.808,9.837,9.837,9.837,9.805,9.815,9.847,9.865,9.92,9.972,9.797,9.797,9.797,9.797,9.953,9.902,16.122,6.345,8.169,8.286,9.079,9.079,9.079,16.2,15.713,15.398,15.398,14.987
TRP30,6.895,6.929,6.91,7.726,7.688,6.113,6.11,6.117,6.103,6.106,6.1,6.1,6.45,8.533,8.545,8.521,8.557,8.755,8.73,8.718,10.965,4.533,4.533,4.533,4.562,2.513,2.513,2.513,2.557,4.253,7.533,6.79,12.382,11.266,11.237,11.104,11.711,11.718,12.073,9.854,11.711,8.644,8.612,22.428,22.697,16.328,16.667,16.667,16.667,16.667,16.667,16.667,16.667,16.667,16.667,16.667,16.332,16.332,21.094,20.69,20.632,28.345,28.276,22.235,24.058,24.058,24.058,20.636,22.261,,89.348,90.011,87.942,88.351,48.684,23.973,23.465,23.446,24.333,23.696,24.239,23.99,23.99,24.327,12.646,12.646,12.646,12.584,12.573,12.483,12.506,12.579,12.511,12.55,12.55,12.55,12.55,12.489,12.556,15.72,6.425,6.563,6.667,9.698,9.698,9.698,14.867,14.632,14.344,14.344,14.112
TRP32,9.045,9.086,9.063,8.759,9.016,7.996,7.996,8.004,7.984,7.992,7.984,7.984,7.741,9.736,9.748,9.723,9.761,9.967,9.941,9.928,12.337,6.355,6.355,6.355,6.38,5.46,5.46,5.46,5.537,6.308,9.647,9.777,11.781,10.889,10.761,10.7,11.217,11.217,11.528,11.199,12.608,13.256,13.211,22.428,23.997,22.208,22.366,22.366,22.366,22.366,22.366,22.366,22.366,22.366,22.366,22.366,22.527,22.527,21.094,24.697,24.908,26.421,26.36,20.029,22.37,22.37,22.37,19.262,20.732,89.348,,96.843,98.449,98.857,48.684,27.489,26.999,26.994,28.006,27.333,27.968,27.493,27.493,28.105,15.172,15.172,15.172,15.11,15.07,15.004,15.011,15.094,15.034,15.063,15.063,15.063,15.063,15.028,15.087,16.457,11.462,11.966,11.538,10.333,10.333,10.333,15.268,15.066,16.232,16.232,16.021
TRP31,9.165,9.208,9.184,9.136,9.4,8.203,8.203,8.211,8.19,8.198,8.19,8.19,8.469,10.103,10.116,10.09,10.129,10.343,10.315,10.302,12.506,6.411,6.411,6.411,6.436,5.952,5.952,5.952,6.037,6.701,9.953,10.01,11.923,10.952,11.104,11.003,11.532,11.532,11.849,11.895,12.981,13.617,13.57,22.428,23.268,21.176,21.363,21.363,21.363,21.363,21.363,21.363,21.363,21.363,21.363,21.363,21.438,21.438,21.094,24.442,24.655,27.076,27.016,20.431,22.845,22.845,22.845,19.696,21.186,90.011,96.843,,97.578,97.986,48.684,27.268,26.776,26.77,27.778,27.105,27.736,27.273,27.273,27.871,14.761,14.761,14.761,14.7,14.661,14.595,14.601,14.682,14.622,14.655,14.655,14.655,14.655,14.615,14.676,16.96,13.043,13.675,13.248,11.481,11.481,11.481,16.374,16.176,17.2,17.2,16.99
TRP26,9.333,9.375,9.351,9.086,9.343,8.393,8.393,8.402,8.38,8.389,8.38,8.38,8.146,10.103,10.116,10.09,10.129,10.343,10.315,10.302,12.608,6.875,6.875,6.875,6.902,6.083,6.083,6.083,6.169,6.795,9.953,10.01,12.124,11.237,11.167,11.061,11.577,11.577,11.886,11.895,12.981,13.732,13.686,22.175,23.268,22.229,22.384,22.384,22.384,22.384,22.384,22.384,22.384,22.384,22.384,22.384,22.544,22.544,20.843,25.171,25.381,26.715,26.655,19.805,22.373,22.373,22.373,19.277,20.741,87.942,98.449,97.578,,99.592,48.684,27.964,27.474,27.47,28.594,27.911,28.564,27.967,27.967,28.709,15.329,15.329,15.329,15.267,15.226,15.16,15.167,15.251,15.191,15.219,15.219,15.219,15.219,15.185,15.244,17.003,13.043,13.675,13.248,11.481,11.481,11.481,16.281,16.084,17.2,17.2,16.99
TRP35,9.333,9.375,9.351,9.086,9.343,8.393,8.393,8.402,8.38,8.389,8.38,8.38,8.146,10.103,10.116,10.09,10.129,10.343,10.315,10.302,12.608,6.875,6.875,6.875,6.902,6.083,6.083,6.083,6.169,6.795,9.953,10.01,12.124,11.237,11.167,11.061,11.577,11.577,11.886,11.895,12.981,13.732,13.686,22.428,23.268,22.229,22.384,22.384,22.384,22.384,22.384,22.384,22.384,22.384,22.384,22.384,22.544,22.544,21.094,25.328,25.539,27.076,27.016,20.146,22.559,22.559,22.559,19.464,20.928,88.351,98.857,97.986,99.592,,48.684,28.049,27.559,27.556,28.594,27.911,28.564,28.051,28.051,28.709,15.345,15.345,15.345,15.284,15.242,15.177,15.183,15.267,15.208,15.236,15.236,15.236,15.236,15.202,15.261,16.96,13.043,13.675,13.248,11.481,11.481,11.481,16.281,16.084,17.2,17.2,16.99
TRP_nompC2,6.944,6.944,6.944,8.257,8.257,7.442,7.442,7.442,7.339,7.339,7.339,7.339,7.339,14.074,14.074,14.074,14.074,14.074,14.074,14.074,0.0,0.0,0.0,0.0,0.0,0.0,0.0,0.0,0.0,20.0,26.19,0.0,17.553,11.792,17.181,17.181,16.143,16.143,17.181,0.0,22.685,14.035,14.035,27.708,27.907,31.731,30.919,30.919,30.919,30.919,30.919,30.919,30.919,30.919,30.919,30.919,38.793,38.793,24.4,38.082,38.082,47.634,47.634,48.675,46.026,46.026,46.026,46.026,46.026,48.684,48.684,48.684,48.684,48.684,,40.397,40.397,40.397,40.397,40.397,40.397,40.397,40.397,40.803,12.009,12.009,12.009,12.009,12.009,12.009,12.009,12.009,12.009,12.009,12.009,12.009,12.009,12.009,12.009,24.685,0.0,0.0,0.0,17.333,17.333,17.333,26.027,26.027,25.707,25.707,25.707
TRP87,8.258,8.298,8.275,8.049,8.214,7.411,7.411,7.419,7.399,7.407,7.415,7.399,6.921,9.603,9.615,9.591,9.628,9.823,9.798,9.785,7.785,9.275,9.275,9.275,9.275,8.108,8.108,8.108,8.224,8.744,11.142,10.168,11.525,10.087,12.258,10.983,11.057,11.064,11.515,13.7,13.514,14.179,14.13,21.184,19.114,18.615,18.99,18.99,18.99,18.99,18.99,18.99,18.99,18.99,18.99,18.99,18.738,18.738,20.989,20.737,20.924,23.975,23.896,21.056,20.819,20.819,20.819,20.819,20.819,23.973,27.489,27.268,27.964,28.049,40.397,,97.936,98.553,96.393,94.872,98.589,99.063,99.063,99.317,13.578,13.578,13.578,13.578,13.602,13.594,13.618,13.616,13.626,13.578,13.578,13.578,13.578,13.602,13.592,15.195,9.237,10.24,10.352,12.107,12.107,12.107,13.841,13.703,15.979,15.979,15.991
TRP86,8.522,8.564,8.541,8.214,8.38,7.55,7.55,7.558,7.538,7.546,7.554,7.538,7.056,9.603,9.615,9.591,9.628,9.823,9.798,9.785,8.051,9.275,9.275,9.275,9.275,8.108,8.108,8.108,8.224,8.744,11.142,10.168,11.412,10.186,12.177,11.07,10.942,10.949,11.401,13.7,13.514,14.179,14.13,21.184,19.114,18.615,18.99,18.99,18.99,18.99,18.99,18.99,18.99,18.99,18.99,18.99,18.738,18.738,20.989,20.737,20.924,23.975,23.896,20.652,20.447,20.447,20.447,20.447,20.447,23.465,26.999,26.776,27.474,27.559,40.397,97.936,,99.365,95.541,94.038,97.715,98.251,98.251,98.429,13.484,13.484,13.484,13.484,13.508,13.499,13.523,13.521,13.53,13.484,13.484,13.484,13.484,13.506,13.497,15.195,9.237,10.24,10.352,12.107,12.107,12.107,13.841,13.703,15.979,15.979,15.991
TRP85,8.36,8.401,8.378,8.144,8.312,7.504,7.504,7.512,7.492,7.5,7.508,7.492,7.009,9.603,9.615,9.591,9.628,9.823,9.798,9.785,7.885,9.275,9.275,9.275,9.275,8.108,8.108,8.108,8.224,8.744,11.142,10.168,11.471,10.099,12.258,11.138,11.009,11.016,11.47,13.7,13.514,14.179,14.13,21.184,19.114,18.615,18.99,18.99,18.99,18.99,18.99,18.99,18.99,18.99,18.99,18.99,18.738,18.738,20.989,20.737,20.924,23.975,23.896,20.778,20.562,20.562,20.562,20.562,20.562,23.446,26.994,26.77,27.47,27.556,40.397,98.553,99.365,,94.885,93.397,97.043,97.626,97.626,97.746,13.33,13.33,13.33,13.33,13.354,13.345,13.369,13.366,13.375,13.33,13.33,13.33,13.33,13.351,13.342,15.195,9.237,10.24,10.352,12.107,12.107,12.107,13.841,13.703,15.979,15.979,15.991
TRP83,8.418,8.458,8.436,8.118,8.283,7.457,7.457,7.465,7.445,7.453,7.461,7.445,6.968,9.603,9.615,9.591,9.628,9.823,9.798,9.785,7.95,9.275,9.275,9.275,9.275,8.108,8.108,8.108,8.224,8.744,11.142,10.168,11.467,10.173,12.177,10.917,10.99,10.997,11.446,13.7,13.514,14.179,14.13,24.415,19.166,18.615,18.99,18.99,18.99,18.99,18.99,18.99,18.99,18.99,18.99,18.99,18.738,18.738,22.057,21.204,21.405,24.696,24.609,21.369,20.915,20.915,20.915,20.915,20.915,24.333,28.006,27.778,28.594,28.594,40.397,96.393,95.541,94.885,,98.212,99.26,97.178,97.178,100.0,14.286,14.286,14.286,14.286,14.312,14.306,14.332,14.333,14.346,14.286,14.286,14.286,14.286,14.319,14.306,15.853,9.237,10.24,10.352,12.107,12.107,12.107,13.734,13.734,16.265,16.265,16.265
TRP81,8.418,8.458,8.436,8.118,8.283,7.457,7.457,7.465,7.445,7.453,7.461,7.445,6.968,9.603,9.615,9.591,9.628,9.823,9.798,9.785,7.95,9.275,9.275,9.275,9.275,8.108,8.108,8.108,8.224,8.744,11.142,10.168,11.467,10.173,12.177,10.917,10.99,10.997,11.446,13.7,13.514,14.179,14.13,22.307,18.466,18.615,18.99,18.99,18.99,18.99,18.99,18.99,18.99,18.99,18.99,18.99,18.738,18.738,21.127,20.841,21.036,24.347,24.263,20.805,20.406,20.406,20.406,20.406,20.406,23.696,27.333,27.105,27.911,27.911,40.397,94.872,94.038,93.397,98.212,,99.059,95.449,95.449,100.0,14.22,14.22,14.22,14.22,14.246,14.24,14.266,14.266,14.279,14.22,14.22,14.22,14.22,14.253,14.239,15.717,9.237,10.24,10.352,12.107,12.107,12.107,13.824,13.757,16.463,16.463,16.171
TRP73,8.418,8.458,8.436,8.118,8.283,7.457,7.457,7.465,7.445,7.453,7.461,7.445,6.968,9.603,9.615,9.591,9.628,9.823,9.798,9.785,7.95,9.275,9.275,9.275,9.275,8.108,8.108,8.108,8.224,8.744,11.142,10.168,11.467,10.173,12.177,10.917,10.99,10.997,11.446,13.7,13.514,14.179,14.13,25.133,19.424,18.615,18.99,18.99,18.99,18.99,18.99,18.99,18.99,18.99,18.99,18.99,18.738,18.738,22.351,21.526,21.73,25.022,24.933,21.194,20.688,20.688,20.688,20.688,20.688,24.239,27.968,27.736,28.564,28.564,40.397,98.589,97.715,97.043,99.26,99.059,,99.394,99.394,100.0,14.5,14.5,14.5,14.5,14.528,14.521,14.549,14.55,14.564,14.5,14.5,14.5,14.5,14.537,14.522,16.148,9.237,10.24,10.352,12.107,12.107,12.107,13.931,13.931,16.496,16.496,16.417
TRP22,8.418,8.458,8.436,8.118,8.283,7.457,7.457,7.465,7.445,7.453,7.461,7.445,6.968,9.603,9.615,9.591,9.628,9.823,9.798,9.785,7.95,9.275,9.275,9.275,9.275,8.108,8.108,8.108,8.224,8.744,11.142,10.168,11.467,10.173,12.177,10.917,10.99,10.997,11.446,13.7,13.514,14.179,14.13,21.184,19.114,18.615,18.99,18.99,18.99,18.99,18.99,18.99,18.99,18.99,18.99,18.99,18.738,18.738,20.989,20.737,20.924,23.975,23.896,20.989,20.703,20.703,20.703,20.703,20.703,23.99,27.493,27.273,27.967,28.051,40.397,99.063,98.251,97.626,97.178,95.449,99.394,,100.0,100.0,13.743,13.743,13.743,13.743,13.767,13.759,13.784,13.782,13.793,13.743,13.743,13.743,13.743,13.768,13.758,15.195,9.237,10.24,10.352,12.107,12.107,12.107,13.841,13.703,15.967,15.967,15.979
TRP88,8.418,8.458,8.436,8.118,8.283,7.457,7.457,7.465,7.445,7.453,7.461,7.445,6.968,9.603,9.615,9.591,9.628,9.823,9.798,9.785,7.95,9.275,9.275,9.275,9.275,8.108,8.108,8.108,8.224,8.744,11.142,10.168,11.467,10.173,12.177,10.917,10.99,10.997,11.446,13.7,13.514,14.179,14.13,21.184,19.114,18.615,18.99,18.99,18.99,18.99,18.99,18.99,18.99,18.99,18.99,18.99,18.738,18.738,20.989,20.737,20.924,23.975,23.896,20.989,20.703,20.703,20.703,20.703,20.703,23.99,27.493,27.273,27.967,28.051,40.397,99.063,98.251,97.626,97.178,95.449,99.394,100.0,,100.0,13.743,13.743,13.743,13.743,13.767,13.759,13.784,13.782,13.793,13.743,13.743,13.743,13.743,13.768,13.758,15.195,9.237,10.24,10.352,12.107,12.107,12.107,13.841,13.703,15.967,15.967,15.979
TRP78,8.418,8.458,8.436,8.118,8.283,7.457,7.457,7.465,7.445,7.453,7.461,7.445,6.968,9.603,9.615,9.591,9.628,9.823,9.798,9.785,7.95,9.275,9.275,9.275,9.275,8.108,8.108,8.108,8.224,8.744,11.142,10.168,11.467,10.173,12.177,10.917,10.99,10.997,11.446,13.7,13.514,14.179,14.13,25.878,19.479,18.615,18.99,18.99,18.99,18.99,18.99,18.99,18.99,18.99,18.99,18.99,18.738,18.738,22.758,21.537,21.745,25.365,25.274,21.267,20.808,20.808,20.808,20.808,20.808,24.327,28.105,27.871,28.709,28.709,40.803,99.317,98.429,97.746,100.0,100.0,100.0,100.0,100.0,,14.462,14.462,14.462,14.462,14.489,14.483,14.511,14.511,14.526,14.462,14.462,14.462,14.462,14.498,14.484,16.212,9.237,10.24,10.352,12.107,12.107,12.107,14.165,14.165,16.734,16.734,16.734
TRPm2,10.877,10.799,10.832,11.65,11.61,10.291,10.341,10.352,10.271,10.331,10.271,10.321,8.656,13.567,13.444,13.628,13.382,13.642,13.83,13.892,13.326,11.324,11.324,11.324,11.292,13.161,13.161,13.161,13.464,12.013,14.709,14.093,12.752,12.788,14.278,13.622,13.854,13.861,14.271,19.577,18.498,15.304,15.304,14.377,14.21,14.668,14.368,14.368,14.368,14.368,14.368,14.368,14.368,14.368,14.368,14.368,15.037,15.037,12.444,13.416,13.381,10.431,10.493,9.843,9.837,9.837,9.837,9.837,9.837,12.646,15.172,14.761,15.329,15.345,12.009,13.578,13.484,13.33,14.286,14.22,14.5,13.743,13.743,14.462,,100.0,100.0,99.407,99.193,98.816,98.601,97.901,97.309,99.408,99.408,99.408,99.408,97.524,98.116,20.291,21.219,21.554,21.266,18.202,18.202,18.202,17.178,17.203,17.713,17.713,17.764
TRPm3,10.877,10.799,10.832,11.65,11.61,10.291,10.341,10.352,10.271,10.331,10.271,10.321,8.656,13.567,13.444,13.628,13.382,13.642,13.83,13.892,13.326,11.324,11.324,11.324,11.292,13.161,13.161,13.161,13.464,12.013,14.709,14.093,12.752,12.788,14.278,13.622,13.854,13.861,14.271,19.577,18.498,15.304,15.304,14.377,14.21,14.668,14.368,14.368,14.368,14.368,14.368,14.368,14.368,14.368,14.368,14.368,15.037,15.037,12.444,13.416,13.381,10.431,10.493,9.843,9.837,9.837,9.837,9.837,9.837,12.646,15.172,14.761,15.329,15.345,12.009,13.578,13.484,13.33,14.286,14.22,14.5,13.743,13.743,14.462,100.0,,100.0,99.407,99.193,98.816,98.601,97.901,97.309,99.408,99.408,99.408,99.408,97.524,98.116,20.291,21.219,21.554,21.266,18.202,18.202,18.202,17.178,17.203,17.713,17.713,17.764
TRPm15,10.877,10.799,10.832,11.65,11.61,10.291,10.341,10.352,10.271,10.331,10.271,10.321,8.656,13.567,13.444,13.628,13.382,13.642,13.83,13.892,13.326,11.324,11.324,11.324,11.292,13.161,13.161,13.161,13.464,12.013,14.709,14.093,12.752,12.788,14.278,13.622,13.854,13.861,14.271,19.577,18.498,15.304,15.304,14.377,14.21,14.668,14.368,14.368,14.368,14.368,14.368,14.368,14.368,14.368,14.368,14.368,15.037,15.037,12.444,13.416,13.381,10.431,10.493,9.843,9.837,9.837,9.837,9.837,9.837,12.646,15.172,14.761,15.329,15.345,12.009,13.578,13.484,13.33,14.286,14.22,14.5,13.743,13.743,14.462,100.0,100.0,,99.407,99.193,98.816,98.601,97.901,97.309,99.408,99.408,99.408,99.408,97.524,98.116,20.291,21.219,21.554,21.266,18.202,18.202,18.202,17.178,17.203,17.713,17.713,17.764
TRPm14,10.877,10.799,10.832,11.65,11.61,10.291,10.341,10.352,10.271,10.331,10.271,10.321,8.656,13.567,13.444,13.628,13.382,13.642,13.83,13.892,13.326,11.324,11.324,11.324,11.292,13.161,13.161,13.161,13.464,12.013,14.709,14.093,12.752,12.788,14.278,13.622,13.854,13.861,14.271,19.577,18.498,15.304,15.304,14.124,14.21,14.668,14.368,14.368,14.368,14.368,14.368,14.368,14.368,14.368,14.368,14.368,15.037,15.037,12.273,13.464,13.429,10.349,10.41,9.81,9.805,9.805,9.805,9.805,9.805,12.584,15.11,14.7,15.267,15.284,12.009,13.578,13.484,13.33,14.286,14.22,14.5,13.743,13.743,14.462,99.407,99.407,99.407,,98.559,98.186,97.972,97.279,96.692,98.773,98.773,98.773,98.773,96.905,97.492,20.038,21.219,21.554,21.266,18.202,18.202,18.202,17.178,17.203,17.713,17.713,17.764
TRPm13,10.888,10.809,10.843,11.661,11.621,10.302,10.352,10.362,10.281,10.341,10.281,10.331,8.665,13.522,13.399,13.583,13.337,13.596,13.784,13.847,13.341,11.34,11.34,11.34,11.308,13.191,13.191,13.191,13.495,12.033,14.75,14.137,12.778,12.749,14.294,13.636,13.869,13.876,14.286,19.577,18.498,15.243,15.243,14.388,14.219,14.622,14.323,14.323,14.323,14.323,14.323,14.323,14.323,14.323,14.323,14.323,14.989,14.989,12.586,13.425,13.391,10.478,10.539,9.821,9.815,9.815,9.815,9.815,9.815,12.573,15.07,14.661,15.226,15.242,12.009,13.602,13.508,13.354,14.312,14.246,14.528,13.767,13.767,14.489,99.193,99.193,99.193,98.559,,99.2,99.412,98.717,98.128,99.787,99.787,99.787,99.787,97.919,98.506,20.375,20.767,21.053,20.759,18.281,18.281,18.281,17.113,17.137,17.643,17.643,17.693
TRPm12,10.882,10.803,10.837,11.658,11.618,10.343,10.394,10.404,10.322,10.383,10.322,10.373,8.7,13.65,13.527,13.712,13.465,13.728,13.917,13.98,13.401,11.407,11.407,11.407,11.375,13.197,13.197,13.197,13.504,12.029,14.753,14.136,12.818,12.856,14.36,13.694,13.927,13.934,14.346,19.681,18.132,15.408,15.408,14.388,14.011,14.4,14.107,14.107,14.107,14.107,14.107,14.107,14.107,14.107,14.107,14.107,14.754,14.754,12.586,13.545,13.511,10.523,10.585,9.853,9.847,9.847,9.847,9.847,9.847,12.483,15.004,14.595,15.16,15.177,12.009,13.594,13.499,13.345,14.306,14.24,14.521,13.759,13.759,14.483,98.816,98.816,98.816,98.186,99.2,,99.785,97.919,98.391,99.413,99.413,99.413,99.413,98.605,98.132,20.642,21.219,21.554,21.266,18.421,18.421,18.421,17.303,17.328,17.852,17.852,17.903
TRPm10,10.893,10.814,10.848,11.669,11.629,10.354,10.404,10.415,10.333,10.394,10.333,10.383,8.709,13.605,13.482,13.667,13.42,13.682,13.871,13.934,13.416,11.424,11.424,11.424,11.392,13.227,13.227,13.227,13.536,12.049,14.794,14.181,12.845,12.816,14.376,13.708,13.941,13.949,14.361,19.681,18.132,15.347,15.347,14.388,14.02,14.355,14.062,14.062,14.062,14.062,14.062,14.062,14.062,14.062,14.062,14.062,14.706,14.706,12.586,13.501,13.466,10.549,10.611,9.872,9.865,9.865,9.865,9.865,9.865,12.506,15.011,14.601,15.167,15.183,12.009,13.618,13.523,13.369,14.332,14.266,14.549,13.784,13.784,14.511,98.601,98.601,98.601,97.972,99.412,99.785,,98.128,98.602,99.2,99.2,99.2,99.2,98.391,97.919,20.516,20.767,21.053,20.759,18.502,18.502,18.502,17.237,17.262,17.781,17.781,17.832
TRPm9,10.993,10.914,10.948,11.516,11.476,10.422,10.473,10.483,10.401,10.462,10.401,10.452,8.767,13.177,13.272,13.239,13.21,13.468,13.434,13.497,13.012,11.095,11.095,11.095,11.062,12.19,12.19,12.19,12.471,11.31,15.071,14.483,12.918,12.891,14.468,13.788,14.022,14.03,14.444,18.7,18.19,15.308,15.308,14.388,14.353,14.602,14.301,14.301,14.301,14.301,14.301,14.301,14.301,14.301,14.301,14.301,14.971,14.971,12.841,13.47,13.436,10.445,10.507,9.928,9.92,9.92,9.92,9.92,9.92,12.579,15.094,14.682,15.251,15.267,12.009,13.616,13.521,13.366,14.333,14.266,14.55,13.782,13.782,14.511,97.901,97.901,97.901,97.279,98.717,97.919,98.128,,99.404,98.506,98.506,98.506,98.506,99.19,99.784,19.85,20.767,21.053,20.759,18.212,18.212,18.212,17.362,17.388,17.921,17.921,17.973
TRPm1,10.992,10.913,10.947,11.518,11.478,10.47,10.521,10.532,10.449,10.51,10.449,10.499,8.807,13.251,13.346,13.313,13.284,13.544,13.51,13.573,13.078,11.169,11.169,11.169,11.136,12.201,12.201,12.201,12.485,11.311,15.23,14.655,12.98,12.953,14.544,13.854,14.089,14.096,14.513,18.775,17.913,15.414,15.414,14.388,14.152,14.386,14.09,14.09,14.09,14.09,14.09,14.09,14.09,14.09,14.09,14.09,14.743,14.743,12.841,13.54,13.505,10.51,10.572,9.981,9.972,9.972,9.972,9.972,9.972,12.511,15.034,14.622,15.191,15.208,12.009,13.626,13.53,13.375,14.346,14.279,14.564,13.793,13.793,14.526,97.309,97.309,97.309,96.692,98.128,98.391,98.602,99.404,,97.919,97.919,97.919,97.919,99.783,99.19,19.912,20.767,21.053,20.759,18.415,18.415,18.415,17.478,17.505,18.051,18.051,18.103
TRPm4,10.877,10.799,10.832,11.65,11.61,10.291,10.341,10.352,10.271,10.331,10.271,10.321,8.656,13.567,13.444,13.628,13.382,13.642,13.83,13.892,13.326,11.324,11.324,11.324,11.292,13.161,13.161,13.161,13.464,12.013,14.709,14.093,12.752,12.788,14.278,13.622,13.854,13.861,14.271,19.577,18.498,15.304,15.304,14.388,14.21,14.668,14.368,14.368,14.368,14.368,14.368,14.368,14.368,14.368,14.368,14.368,15.037,15.037,12.586,13.469,13.435,10.452,10.513,9.802,9.797,9.797,9.797,9.797,9.797,12.55,15.063,14.655,15.219,15.236,12.009,13.578,13.484,13.33,14.286,14.22,14.5,13.743,13.743,14.462,99.408,99.408,99.408,98.773,99.787,99.413,99.2,98.506,97.919,,100.0,100.0,100.0,98.132,98.719,20.5,21.219,21.554,21.266,18.202,18.202,18.202,17.178,17.203,17.713,17.713,17.764
TRPm5,10.877,10.799,10.832,11.65,11.61,10.291,10.341,10.352,10.271,10.331,10.271,10.321,8.656,13.567,13.444,13.628,13.382,13.642,13.83,13.892,13.326,11.324,11.324,11.324,11.292,13.161,13.161,13.161,13.464,12.013,14.709,14.093,12.752,12.788,14.278,13.622,13.854,13.861,14.271,19.577,18.498,15.304,15.304,14.388,14.21,14.668,14.368,14.368,14.368,14.368,14.368,14.368,14.368,14.368,14.368,14.368,15.037,15.037,12.586,13.469,13.435,10.452,10.513,9.802,9.797,9.797,9.797,9.797,9.797,12.55,15.063,14.655,15.219,15.236,12.009,13.578,13.484,13.33,14.286,14.22,14.5,13.743,13.743,14.462,99.408,99.408,99.408,98.773,99.787,99.413,99.2,98.506,97.919,100.0,,100.0,100.0,98.132,98.719,20.5,21.219,21.554,21.266,18.202,18.202,18.202,17.178,17.203,17.713,17.713,17.764
TRPm6,10.877,10.799,10.832,11.65,11.61,10.291,10.341,10.352,10.271,10.331,10.271,10.321,8.656,13.567,13.444,13.628,13.382,13.642,13.83,13.892,13.326,11.324,11.324,11.324,11.292,13.161,13.161,13.161,13.464,12.013,14.709,14.093,12.752,12.788,14.278,13.622,13.854,13.861,14.271,19.577,18.498,15.304,15.304,14.388,14.21,14.668,14.368,14.368,14.368,14.368,14.368,14.368,14.368,14.368,14.368,14.368,15.037,15.037,12.586,13.469,13.435,10.452,10.513,9.802,9.797,9.797,9.797,9.797,9.797,12.55,15.063,14.655,15.219,15.236,12.009,13.578,13.484,13.33,14.286,14.22,14.5,13.743,13.743,14.462,99.408,99.408,99.408,98.773,99.787,99.413,99.2,98.506,97.919,100.0,100.0,,100.0,98.132,98.719,20.5,21.219,21.554,21.266,18.202,18.202,18.202,17.178,17.203,17.713,17.713,17.764
TRPm7,10.877,10.799,10.832,11.65,11.61,10.291,10.341,10.352,10.271,10.331,10.271,10.321,8.656,13.567,13.444,13.628,13.382,13.642,13.83,13.892,13.326,11.324,11.324,11.324,11.292,13.161,13.161,13.161,13.464,12.013,14.709,14.093,12.752,12.788,14.278,13.622,13.854,13.861,14.271,19.577,18.498,15.304,15.304,14.388,14.21,14.668,14.368,14.368,14.368,14.368,14.368,14.368,14.368,14.368,14.368,14.368,15.037,15.037,12.586,13.469,13.435,10.452,10.513,9.802,9.797,9.797,9.797,9.797,9.797,12.55,15.063,14.655,15.219,15.236,12.009,13.578,13.484,13.33,14.286,14.22,14.5,13.743,13.743,14.462,99.408,99.408,99.408,98.773,99.787,99.413,99.2,98.506,97.919,100.0,100.0,100.0,,98.132,98.719,20.5,21.219,21.554,21.266,18.202,18.202,18.202,17.178,17.203,17.713,17.713,17.764
TRPm8,10.981,10.902,10.936,11.506,11.467,10.459,10.51,10.521,10.438,10.499,10.438,10.489,8.798,13.296,13.391,13.358,13.329,13.59,13.556,13.619,13.063,11.152,11.152,11.152,11.119,12.173,12.173,12.173,12.456,11.293,15.186,14.608,12.952,12.993,14.527,13.839,14.074,14.082,14.497,18.775,17.913,15.476,15.476,14.388,14.142,14.432,14.135,14.135,14.135,14.135,14.135,14.135,14.135,14.135,14.135,14.135,14.792,14.792,12.841,13.585,13.55,10.484,10.546,9.962,9.953,9.953,9.953,9.953,9.953,12.489,15.028,14.615,15.185,15.202,12.009,13.602,13.506,13.351,14.319,14.253,14.537,13.768,13.768,14.498,97.524,97.524,97.524,96.905,97.919,98.605,98.391,99.19,99.783,98.132,98.132,98.132,98.132,,99.406,20.038,21.219,21.554,21.266,18.333,18.333,18.333,17.545,17.572,18.123,18.123,18.175
TRPm11,10.982,10.903,10.937,11.504,11.465,10.411,10.462,10.473,10.39,10.452,10.39,10.441,8.758,13.223,13.317,13.284,13.255,13.514,13.48,13.542,12.997,11.078,11.078,11.078,11.045,12.162,12.162,12.162,12.442,11.292,15.028,14.437,12.891,12.931,14.452,13.773,14.007,14.015,14.429,18.7,18.19,15.37,15.37,14.388,14.343,14.649,14.346,14.346,14.346,14.346,14.346,14.346,14.346,14.346,14.346,14.346,15.02,15.02,12.841,13.515,13.48,10.419,10.481,9.909,9.902,9.902,9.902,9.902,9.902,12.556,15.087,14.676,15.244,15.261,12.009,13.592,13.497,13.342,14.306,14.239,14.522,13.758,13.758,14.484,98.116,98.116,98.116,97.492,98.506,98.132,97.919,99.784,99.19,98.719,98.719,98.719,98.719,99.406,,19.975,21.219,21.554,21.266,18.132,18.132,18.132,17.429,17.455,17.993,17.993,18.045
TRP60,9.242,9.312,9.273,10.292,10.114,8.883,8.883,8.898,8.853,8.868,8.853,8.853,8.853,13.71,13.594,13.777,13.526,13.746,13.933,14.001,13.366,12.0,12.0,12.0,11.972,13.425,13.425,13.425,13.687,12.5,14.98,14.68,16.636,14.987,17.296,17.296,16.681,16.681,17.296,16.624,19.242,15.938,15.938,22.659,19.776,16.802,16.892,16.892,16.892,16.892,16.892,16.892,16.892,16.892,16.892,16.892,16.495,16.495,22.212,18.244,18.249,18.293,18.305,16.252,16.122,16.122,16.122,16.122,16.122,15.72,16.457,16.96,17.003,16.96,24.685,15.195,15.195,15.195,15.853,15.717,16.148,15.195,15.195,16.212,20.291,20.291,20.291,20.038,20.375,20.642,20.516,19.85,19.912,20.5,20.5,20.5,20.5,20.038,19.975,,86.377,96.644,94.631,28.463,28.463,28.463,27.555,27.49,30.442,30.442,30.301
TRPA13,11.262,11.262,11.262,11.377,11.133,10.638,10.638,10.638,10.638,10.638,10.638,10.638,10.638,11.434,11.615,11.615,11.434,11.923,11.923,12.115,12.835,12.45,12.45,12.45,12.398,11.928,11.928,11.928,11.928,11.928,16.667,17.476,19.853,18.382,20.538,20.538,20.538,20.538,20.538,19.691,26.599,16.807,16.807,0.0,11.145,9.714,9.714,9.714,9.714,9.714,9.714,9.714,9.714,9.714,9.714,9.714,9.714,9.714,0.0,10.612,10.707,8.521,8.521,5.985,6.345,6.345,6.345,6.345,6.345,6.425,11.462,13.043,13.043,13.043,0.0,9.237,9.237,9.237,9.237,9.237,9.237,9.237,9.237,9.237,21.219,21.219,21.219,21.219,20.767,21.219,20.767,20.767,20.767,21.219,21.219,21.219,21.219,21.219,21.219,86.377,,97.315,95.302,29.012,29.012,29.012,30.175,30.175,32.527,32.527,32.527
TRPA1,12.154,12.154,12.154,12.141,11.752,11.514,11.514,11.514,11.514,11.514,11.514,11.514,11.514,11.895,11.895,11.895,11.895,12.473,12.473,12.473,13.58,13.42,13.42,13.42,13.377,12.716,12.716,12.716,12.716,12.716,18.351,19.061,21.512,19.477,22.029,22.029,22.029,22.029,22.029,23.423,29.615,17.768,17.768,0.0,12.542,10.062,10.062,10.062,10.062,10.062,10.062,10.062,10.062,10.062,10.062,10.062,10.062,10.062,0.0,11.53,11.623,9.091,9.091,7.459,8.169,8.169,8.169,8.169,8.169,6.563,11.966,13.675,13.675,13.675,0.0,10.24,10.24,10.24,10.24,10.24,10.24,10.24,10.24,10.24,21.554,21.554,21.554,21.554,21.053,21.554,21.053,21.053,21.053,21.554,21.554,21.554,21.554,21.554,21.554,96.644,97.315,,97.987,34.615,34.615,34.615,32.184,32.184,34.259,34.259,34.259
TRPA1_1,11.727,11.727,11.727,11.479,11.111,11.301,11.301,11.301,11.301,11.301,11.301,11.301,11.301,11.492,11.492,11.492,11.492,12.043,12.043,12.043,12.963,12.987,12.987,12.987,12.939,12.284,12.284,12.284,12.284,12.284,17.819,18.232,21.408,19.534,22.029,22.029,22.029,22.029,22.029,23.423,28.846,17.701,17.701,0.0,12.203,9.856,9.856,9.856,9.856,9.856,9.856,9.856,9.856,9.856,9.856,9.856,9.856,9.856,0.0,11.086,11.184,9.218,9.218,7.563,8.286,8.286,8.286,8.286,8.286,6.667,11.538,13.248,13.248,13.248,0.0,10.352,10.352,10.352,10.352,10.352,10.352,10.352,10.352,10.352,21.266,21.266,21.266,21.266,20.759,21.266,20.759,20.759,20.759,21.266,21.266,21.266,21.266,21.266,21.266,94.631,95.302,97.987,,34.109,34.109,34.109,31.792,31.792,34.161,34.161,34.161
TRP16,8.645,8.737,8.685,9.487,9.505,8.629,8.629,8.649,8.588,8.608,8.588,8.588,8.588,11.212,11.258,11.212,11.258,11.518,11.47,11.47,9.89,9.611,9.611,9.611,9.611,11.311,11.311,11.311,11.558,10.434,11.942,13.854,16.769,16.319,17.157,17.157,16.585,16.605,17.157,13.009,15.535,15.865,15.771,16.594,11.479,10.514,10.514,10.514,10.514,10.514,10.514,10.514,10.514,10.514,10.514,10.514,10.514,10.514,12.064,11.845,11.845,11.995,12.01,9.788,9.079,9.079,9.079,9.079,9.079,9.698,10.333,11.481,11.481,11.481,17.333,12.107,12.107,12.107,12.107,12.107,12.107,12.107,12.107,12.107,18.202,18.202,18.202,18.202,18.281,18.421,18.502,18.212,18.415,18.202,18.202,18.202,18.202,18.333,18.132,28.463,29.012,34.615,34.109,,100.0,100.0,30.952,30.952,33.923,33.923,33.923
TRP20,8.645,8.737,8.685,9.487,9.505,8.629,8.629,8.649,8.588,8.608,8.588,8.588,8.588,11.212,11.258,11.212,11.258,11.518,11.47,11.47,9.89,9.611,9.611,9.611,9.611,11.311,11.311,11.311,11.558,10.434,11.942,13.854,16.769,16.319,17.157,17.157,16.585,16.605,17.157,13.009,15.535,15.865,15.771,16.594,11.479,10.514,10.514,10.514,10.514,10.514,10.514,10.514,10.514,10.514,10.514,10.514,10.514,10.514,12.064,11.845,11.845,11.995,12.01,9.788,9.079,9.079,9.079,9.079,9.079,9.698,10.333,11.481,11.481,11.481,17.333,12.107,12.107,12.107,12.107,12.107,12.107,12.107,12.107,12.107,18.202,18.202,18.202,18.202,18.281,18.421,18.502,18.212,18.415,18.202,18.202,18.202,18.202,18.333,18.132,28.463,29.012,34.615,34.109,100.0,,100.0,30.952,30.952,33.923,33.923,33.923
TRP25,8.645,8.737,8.685,9.487,9.505,8.629,8.629,8.649,8.588,8.608,8.588,8.588,8.588,11.212,11.258,11.212,11.258,11.518,11.47,11.47,9.89,9.611,9.611,9.611,9.611,11.311,11.311,11.311,11.558,10.434,11.942,13.854,16.769,16.319,17.157,17.157,16.585,16.605,17.157,13.009,15.535,15.865,15.771,16.594,11.479,10.514,10.514,10.514,10.514,10.514,10.514,10.514,10.514,10.514,10.514,10.514,10.514,10.514,12.064,11.845,11.845,11.995,12.01,9.788,9.079,9.079,9.079,9.079,9.079,9.698,10.333,11.481,11.481,11.481,17.333,12.107,12.107,12.107,12.107,12.107,12.107,12.107,12.107,12.107,18.202,18.202,18.202,18.202,18.281,18.421,18.502,18.212,18.415,18.202,18.202,18.202,18.202,18.333,18.132,28.463,29.012,34.615,34.109,100.0,100.0,,30.952,30.952,33.923,33.923,33.923
TRP1,7.705,7.764,7.731,9.063,8.897,6.876,6.87,6.882,6.853,6.859,6.847,6.847,6.985,10.158,10.323,10.295,10.186,10.338,10.309,10.449,8.751,9.3,9.3,9.3,9.366,10.638,10.638,10.638,10.814,9.827,13.758,13.341,14.163,14.02,15.847,15.847,15.434,15.342,15.847,15.094,16.106,13.196,13.14,21.753,17.26,15.556,15.462,15.462,15.462,15.462,15.462,15.462,15.462,15.462,15.462,15.462,15.719,15.719,18.074,16.022,15.896,15.378,15.391,16.779,16.2,16.2,16.2,16.2,16.2,14.867,15.268,16.374,16.281,16.281,26.027,13.841,13.841,13.841,13.734,13.824,13.931,13.841,13.841,14.165,17.178,17.178,17.178,17.178,17.113,17.303,17.237,17.362,17.478,17.178,17.178,17.178,17.178,17.545,17.429,27.555,30.175,32.184,31.792,30.952,30.952,30.952,,99.357,43.508,43.508,43.31
TRP2,7.705,7.764,7.731,9.063,8.897,6.876,6.87,6.882,6.853,6.859,6.847,6.847,6.985,10.158,10.323,10.295,10.186,10.338,10.309,10.449,8.751,9.3,9.3,9.3,9.366,10.638,10.638,10.638,10.814,9.827,13.758,13.341,14.163,14.02,15.847,15.847,15.434,15.342,15.847,15.094,16.106,13.196,13.14,22.039,17.289,15.556,15.462,15.462,15.462,15.462,15.462,15.462,15.462,15.462,15.462,15.462,15.719,15.719,18.367,15.76,15.634,15.397,15.41,16.299,15.713,15.713,15.713,15.713,15.713,14.632,15.066,16.176,16.084,16.084,26.027,13.703,13.703,13.703,13.734,13.757,13.931,13.703,13.703,14.165,17.203,17.203,17.203,17.203,17.137,17.328,17.262,17.388,17.505,17.203,17.203,17.203,17.203,17.572,17.455,27.49,30.175,32.184,31.792,30.952,30.952,30.952,99.357,,43.457,43.457,43.357
TRP21,8.303,8.372,8.333,9.372,9.388,8.008,8.008,8.023,7.977,7.992,7.977,7.977,7.977,10.88,10.983,10.952,10.912,11.087,11.054,11.127,11.135,10.109,10.109,10.109,10.175,12.323,12.323,12.323,12.554,11.299,13.071,12.341,15.4,15.244,16.729,16.729,16.102,16.102,16.729,14.598,16.855,16.777,16.698,22.443,18.015,15.323,14.935,14.935,14.935,14.935,14.935,14.935,14.935,14.935,14.935,14.935,15.73,15.73,19.448,16.51,16.379,15.457,15.47,15.896,15.398,15.398,15.398,15.398,15.398,14.344,16.232,17.2,17.2,17.2,25.707,15.979,15.979,15.979,16.265,16.463,16.496,15.967,15.967,16.734,17.713,17.713,17.713,17.713,17.643,17.852,17.781,17.921,18.051,17.713,17.713,17.713,17.713,18.123,17.993,30.442,32.527,34.259,34.161,33.923,33.923,33.923,43.508,43.457,,100.0,97.231
TRP82,8.303,8.372,8.333,9.372,9.388,8.008,8.008,8.023,7.977,7.992,7.977,7.977,7.977,10.88,10.983,10.952,10.912,11.087,11.054,11.127,11.135,10.109,10.109,10.109,10.175,12.323,12.323,12.323,12.554,11.299,13.071,12.341,15.4,15.244,16.729,16.729,16.102,16.102,16.729,14.598,16.855,16.777,16.698,22.443,18.015,15.323,14.935,14.935,14.935,14.935,14.935,14.935,14.935,14.935,14.935,14.935,15.73,15.73,19.448,16.51,16.379,15.457,15.47,15.896,15.398,15.398,15.398,15.398,15.398,14.344,16.232,17.2,17.2,17.2,25.707,15.979,15.979,15.979,16.265,16.463,16.496,15.967,15.967,16.734,17.713,17.713,17.713,17.713,17.643,17.852,17.781,17.921,18.051,17.713,17.713,17.713,17.713,18.123,17.993,30.442,32.527,34.259,34.161,33.923,33.923,33.923,43.508,43.457,100.0,,97.231
TRP33,8.303,8.372,8.333,9.372,9.388,8.008,8.008,8.023,7.977,7.992,7.977,7.977,7.977,10.88,10.983,10.952,10.912,11.087,11.054,11.127,11.135,10.109,10.109,10.109,10.175,12.323,12.323,12.323,12.554,11.299,13.071,12.341,15.4,15.244,16.729,16.729,16.102,16.102,16.729,14.598,16.855,16.777,16.698,22.477,17.807,15.323,14.935,14.935,14.935,14.935,14.935,14.935,14.935,14.935,14.935,14.935,15.73,15.73,18.894,16.45,16.319,15.312,15.324,15.404,14.987,14.987,14.987,14.987,14.987,14.112,16.021,16.99,16.99,16.99,25.707,15.991,15.991,15.991,16.265,16.171,16.417,15.979,15.979,16.734,17.764,17.764,17.764,17.764,17.693,17.903,17.832,17.973,18.103,17.764,17.764,17.764,17.764,18.175,18.045,30.301,32.527,34.259,34.161,33.923,33.923,33.923,43.31,43.357,97.231,97.231,
